"vtkValidPointMask","arc_length","Points:0","Points:1","Points:2"
0,0,0.0068939,0.00096464,5e-05
0,2.0012e-07,0.0068941,0.00096478,5e-05
0,3.9986e-07,0.0068942,0.00096492,5e-05
0,5.9998e-07,0.0068944,0.00096506,5e-05
0,8.0005e-07,0.0068945,0.00096521,5e-05
0,9.9984e-07,0.0068946,0.00096535,5e-05
0,1.1999e-06,0.0068948,0.00096549,5e-05
0,1.4e-06,0.0068949,0.00096563,5e-05
0,1.6001e-06,0.0068951,0.00096577,5e-05
0,1.7999e-06,0.0068952,0.00096591,5e-05
0,2e-06,0.0068953,0.00096605,5e-05
0,2.2001e-06,0.0068955,0.0009662,5e-05
0,2.3999e-06,0.0068956,0.00096634,5e-05
0,2.6e-06,0.0068958,0.00096648,5e-05
0,2.8e-06,0.0068959,0.00096662,5e-05
0,2.9998e-06,0.0068961,0.00096676,5e-05
0,3.1999e-06,0.0068962,0.0009669,5e-05
0,3.4e-06,0.0068963,0.00096704,5e-05
0,3.5998e-06,0.0068965,0.00096719,5e-05
0,3.7999e-06,0.0068966,0.00096733,5e-05
0,4e-06,0.0068968,0.00096747,5e-05
0,4.2001e-06,0.0068969,0.00096761,5e-05
0,4.3999e-06,0.006897,0.00096775,5e-05
0,4.5999e-06,0.0068972,0.00096789,5e-05
0,4.8001e-06,0.0068973,0.00096803,5e-05
0,4.9998e-06,0.0068975,0.00096818,5e-05
0,5.1999e-06,0.0068976,0.00096832,5e-05
0,5.4e-06,0.0068977,0.00096846,5e-05
0,5.5998e-06,0.0068979,0.0009686,5e-05
0,5.7999e-06,0.006898,0.00096874,5e-05
0,6e-06,0.0068982,0.00096888,5e-05
0,6.2001e-06,0.0068983,0.00096902,5e-05
0,6.3998e-06,0.0068985,0.00096917,5e-05
0,6.5999e-06,0.0068986,0.00096931,5e-05
0,6.8e-06,0.0068987,0.00096945,5e-05
0,6.9998e-06,0.0068989,0.00096959,5e-05
0,7.1999e-06,0.006899,0.00096973,5e-05
0,7.4e-06,0.0068992,0.00096987,5e-05
0,7.5998e-06,0.0068993,0.00097001,5e-05
0,7.7999e-06,0.0068994,0.00097016,5e-05
0,8e-06,0.0068996,0.0009703,5e-05
0,8.2001e-06,0.0068997,0.00097044,5e-05
0,8.3998e-06,0.0068999,0.00097058,5e-05
0,8.5999e-06,0.0069,0.00097072,5e-05
0,8.8e-06,0.0069002,0.00097086,5e-05
0,8.9998e-06,0.0069003,0.000971,5e-05
0,9.1999e-06,0.0069004,0.00097115,5e-05
0,9.4e-06,0.0069006,0.00097129,5e-05
0,9.5998e-06,0.0069007,0.00097143,5e-05
0,9.7998e-06,0.0069009,0.00097157,5e-05
0,1e-05,0.006901,0.00097171,5e-05
0,1.02e-05,0.0069011,0.00097185,5e-05
0,1.04e-05,0.0069013,0.00097199,5e-05
0,1.06e-05,0.0069014,0.00097214,5e-05
0,1.08e-05,0.0069016,0.00097228,5e-05
0,1.1e-05,0.0069017,0.00097242,5e-05
0,1.12e-05,0.0069018,0.00097256,5e-05
0,1.14e-05,0.006902,0.0009727,5e-05
0,1.16e-05,0.0069021,0.00097284,5e-05
0,1.18e-05,0.0069023,0.00097298,5e-05
0,1.2e-05,0.0069024,0.00097313,5e-05
0,1.22e-05,0.0069026,0.00097327,5e-05
0,1.24e-05,0.0069027,0.00097341,5e-05
0,1.26e-05,0.0069028,0.00097355,5e-05
0,1.28e-05,0.006903,0.00097369,5e-05
0,1.3e-05,0.0069031,0.00097383,5e-05
0,1.32e-05,0.0069033,0.00097397,5e-05
0,1.34e-05,0.0069034,0.00097412,5e-05
0,1.36e-05,0.0069035,0.00097426,5e-05
0,1.38e-05,0.0069037,0.0009744,5e-05
0,1.4e-05,0.0069038,0.00097454,5e-05
0,1.42e-05,0.006904,0.00097468,5e-05
0,1.44e-05,0.0069041,0.00097482,5e-05
0,1.46e-05,0.0069043,0.00097496,5e-05
0,1.48e-05,0.0069044,0.00097511,5e-05
0,1.5e-05,0.0069045,0.00097525,5e-05
0,1.52e-05,0.0069047,0.00097539,5e-05
0,1.54e-05,0.0069048,0.00097553,5e-05
0,1.56e-05,0.006905,0.00097567,5e-05
0,1.58e-05,0.0069051,0.00097581,5e-05
0,1.6e-05,0.0069052,0.00097595,5e-05
0,1.62e-05,0.0069054,0.0009761,5e-05
0,1.64e-05,0.0069055,0.00097624,5e-05
0,1.66e-05,0.0069057,0.00097638,5e-05
0,1.68e-05,0.0069058,0.00097652,5e-05
0,1.7e-05,0.006906,0.00097666,5e-05
0,1.72e-05,0.0069061,0.0009768,5e-05
0,1.74e-05,0.0069062,0.00097694,5e-05
0,1.76e-05,0.0069064,0.00097708,5e-05
0,1.78e-05,0.0069065,0.00097723,5e-05
0,1.8e-05,0.0069067,0.00097737,5e-05
0,1.82e-05,0.0069068,0.00097751,5e-05
0,1.84e-05,0.0069069,0.00097765,5e-05
0,1.86e-05,0.0069071,0.00097779,5e-05
0,1.88e-05,0.0069072,0.00097793,5e-05
0,1.9e-05,0.0069074,0.00097807,5e-05
0,1.92e-05,0.0069075,0.00097822,5e-05
0,1.94e-05,0.0069076,0.00097836,5e-05
0,1.96e-05,0.0069078,0.0009785,5e-05
0,1.98e-05,0.0069079,0.00097864,5e-05
0,2e-05,0.0069081,0.00097878,5e-05
0,2.02e-05,0.0069082,0.00097892,5e-05
0,2.04e-05,0.0069084,0.00097906,5e-05
0,2.06e-05,0.0069085,0.00097921,5e-05
0,2.08e-05,0.0069086,0.00097935,5e-05
0,2.1e-05,0.0069088,0.00097949,5e-05
0,2.12e-05,0.0069089,0.00097963,5e-05
0,2.14e-05,0.0069091,0.00097977,5e-05
0,2.16e-05,0.0069092,0.00097991,5e-05
0,2.18e-05,0.0069093,0.00098005,5e-05
0,2.2e-05,0.0069095,0.0009802,5e-05
0,2.22e-05,0.0069096,0.00098034,5e-05
0,2.24e-05,0.0069098,0.00098048,5e-05
0,2.26e-05,0.0069099,0.00098062,5e-05
0,2.28e-05,0.0069101,0.00098076,5e-05
0,2.3e-05,0.0069102,0.0009809,5e-05
0,2.32e-05,0.0069103,0.00098104,5e-05
0,2.34e-05,0.0069105,0.00098119,5e-05
0,2.36e-05,0.0069106,0.00098133,5e-05
0,2.38e-05,0.0069108,0.00098147,5e-05
0,2.4e-05,0.0069109,0.00098161,5e-05
0,2.42e-05,0.006911,0.00098175,5e-05
0,2.44e-05,0.0069112,0.00098189,5e-05
0,2.46e-05,0.0069113,0.00098203,5e-05
0,2.48e-05,0.0069115,0.00098218,5e-05
0,2.5e-05,0.0069116,0.00098232,5e-05
0,2.52e-05,0.0069117,0.00098246,5e-05
0,2.54e-05,0.0069119,0.0009826,5e-05
0,2.56e-05,0.006912,0.00098274,5e-05
0,2.58e-05,0.0069122,0.00098288,5e-05
0,2.6e-05,0.0069123,0.00098302,5e-05
0,2.62e-05,0.0069125,0.00098317,5e-05
0,2.64e-05,0.0069126,0.00098331,5e-05
0,2.66e-05,0.0069127,0.00098345,5e-05
0,2.68e-05,0.0069129,0.00098359,5e-05
0,2.7e-05,0.006913,0.00098373,5e-05
0,2.72e-05,0.0069132,0.00098387,5e-05
0,2.74e-05,0.0069133,0.00098401,5e-05
0,2.76e-05,0.0069134,0.00098416,5e-05
0,2.78e-05,0.0069136,0.0009843,5e-05
0,2.8e-05,0.0069137,0.00098444,5e-05
0,2.82e-05,0.0069139,0.00098458,5e-05
0,2.84e-05,0.006914,0.00098472,5e-05
0,2.86e-05,0.0069142,0.00098486,5e-05
0,2.88e-05,0.0069143,0.000985,5e-05
0,2.9e-05,0.0069144,0.00098515,5e-05
0,2.92e-05,0.0069146,0.00098529,5e-05
0,2.94e-05,0.0069147,0.00098543,5e-05
0,2.96e-05,0.0069149,0.00098557,5e-05
0,2.98e-05,0.006915,0.00098571,5e-05
0,3e-05,0.0069151,0.00098585,5e-05
0,3.02e-05,0.0069153,0.00098599,5e-05
0,3.04e-05,0.0069154,0.00098614,5e-05
0,3.06e-05,0.0069156,0.00098628,5e-05
0,3.08e-05,0.0069157,0.00098642,5e-05
0,3.1e-05,0.0069159,0.00098656,5e-05
0,3.12e-05,0.006916,0.0009867,5e-05
0,3.14e-05,0.0069161,0.00098684,5e-05
0,3.16e-05,0.0069163,0.00098698,5e-05
0,3.18e-05,0.0069164,0.00098713,5e-05
0,3.2e-05,0.0069166,0.00098727,5e-05
0,3.22e-05,0.0069167,0.00098741,5e-05
0,3.24e-05,0.0069168,0.00098755,5e-05
0,3.26e-05,0.006917,0.00098769,5e-05
0,3.28e-05,0.0069171,0.00098783,5e-05
0,3.3e-05,0.0069173,0.00098797,5e-05
0,3.32e-05,0.0069174,0.00098812,5e-05
0,3.34e-05,0.0069175,0.00098826,5e-05
0,3.36e-05,0.0069177,0.0009884,5e-05
0,3.38e-05,0.0069178,0.00098854,5e-05
0,3.4e-05,0.006918,0.00098868,5e-05
0,3.42e-05,0.0069181,0.00098882,5e-05
0,3.44e-05,0.0069183,0.00098896,5e-05
0,3.46e-05,0.0069184,0.00098911,5e-05
0,3.48e-05,0.0069185,0.00098925,5e-05
0,3.5e-05,0.0069187,0.00098939,5e-05
0,3.52e-05,0.0069188,0.00098953,5e-05
0,3.54e-05,0.006919,0.00098967,5e-05
0,3.56e-05,0.0069191,0.00098981,5e-05
0,3.58e-05,0.0069192,0.00098995,5e-05
0,3.5999e-05,0.0069194,0.0009901,5e-05
0,3.62e-05,0.0069195,0.00099024,5e-05
0,3.64e-05,0.0069197,0.00099038,5e-05
0,3.66e-05,0.0069198,0.00099052,5e-05
0,3.68e-05,0.00692,0.00099066,5e-05
0,3.7e-05,0.0069201,0.0009908,5e-05
0,3.72e-05,0.0069202,0.00099094,5e-05
0,3.74e-05,0.0069204,0.00099109,5e-05
0,3.76e-05,0.0069205,0.00099123,5e-05
0,3.78e-05,0.0069207,0.00099137,5e-05
0,3.7999e-05,0.0069208,0.00099151,5e-05
0,3.82e-05,0.0069209,0.00099165,5e-05
0,3.84e-05,0.0069211,0.00099179,5e-05
0,3.8599e-05,0.0069212,0.00099193,5e-05
0,3.88e-05,0.0069214,0.00099208,5e-05
0,3.9e-05,0.0069215,0.00099222,5e-05
0,3.92e-05,0.0069216,0.00099236,5e-05
0,3.94e-05,0.0069218,0.0009925,5e-05
0,3.96e-05,0.0069219,0.00099264,5e-05
0,3.98e-05,0.0069221,0.00099278,5e-05
0,3.9999e-05,0.0069222,0.00099292,5e-05
0,4.02e-05,0.0069224,0.00099307,5e-05
0,4.04e-05,0.0069225,0.00099321,5e-05
0,4.0599e-05,0.0069226,0.00099335,5e-05
0,4.08e-05,0.0069228,0.00099349,5e-05
0,4.1e-05,0.0069229,0.00099363,5e-05
0,4.12e-05,0.0069231,0.00099377,5e-05
0,4.14e-05,0.0069232,0.00099391,5e-05
0,4.16e-05,0.0069233,0.00099406,5e-05
0,4.18e-05,0.0069235,0.0009942,5e-05
0,4.1999e-05,0.0069236,0.00099434,5e-05
0,4.22e-05,0.0069238,0.00099448,5e-05
0,4.24e-05,0.0069239,0.00099462,5e-05
0,4.2599e-05,0.0069241,0.00099476,5e-05
0,4.28e-05,0.0069242,0.0009949,5e-05
0,4.3e-05,0.0069243,0.00099505,5e-05
0,4.32e-05,0.0069245,0.00099519,5e-05
0,4.34e-05,0.0069246,0.00099533,5e-05
0,4.36e-05,0.0069248,0.00099547,5e-05
0,4.38e-05,0.0069249,0.00099561,5e-05
0,4.3999e-05,0.006925,0.00099575,5e-05
0,4.42e-05,0.0069252,0.00099589,5e-05
0,4.44e-05,0.0069253,0.00099604,5e-05
0,4.4599e-05,0.0069255,0.00099618,5e-05
0,4.48e-05,0.0069256,0.00099632,5e-05
0,4.5e-05,0.0069257,0.00099646,5e-05
0,4.5199e-05,0.0069259,0.0009966,5e-05
0,4.54e-05,0.006926,0.00099674,5e-05
0,4.56e-05,0.0069262,0.00099688,5e-05
0,4.58e-05,0.0069263,0.00099703,5e-05
0,4.5999e-05,0.0069265,0.00099717,5e-05
0,4.62e-05,0.0069266,0.00099731,5e-05
0,4.64e-05,0.0069267,0.00099745,5e-05
0,4.6599e-05,0.0069269,0.00099759,5e-05
0,4.68e-05,0.006927,0.00099773,5e-05
0,4.7e-05,0.0069272,0.00099787,5e-05
0,4.7199e-05,0.0069273,0.00099802,5e-05
0,4.7399e-05,0.0069274,0.00099816,5e-05
0,4.76e-05,0.0069276,0.0009983,5e-05
0,4.78e-05,0.0069277,0.00099844,5e-05
0,4.7999e-05,0.0069279,0.00099858,5e-05
0,4.82e-05,0.006928,0.00099872,5e-05
0,4.84e-05,0.0069282,0.00099886,5e-05
0,4.8599e-05,0.0069283,0.00099901,5e-05
0,4.88e-05,0.0069284,0.00099915,5e-05
0,4.9e-05,0.0069286,0.00099929,5e-05
0,4.9199e-05,0.0069287,0.00099943,5e-05
0,4.9399e-05,0.0069289,0.00099957,5e-05
0,4.96e-05,0.006929,0.00099971,5e-05
0,4.98e-05,0.0069291,0.00099985,5e-05
0,4.9999e-05,0.0069293,0.001,5e-05
0,5.02e-05,0.0069294,0.0010001,5e-05
0,5.04e-05,0.0069296,0.0010003,5e-05
0,5.0599e-05,0.0069297,0.0010004,5e-05
0,5.08e-05,0.0069299,0.0010006,5e-05
0,5.1e-05,0.00693,0.0010007,5e-05
0,5.1199e-05,0.0069301,0.0010008,5e-05
0,5.1399e-05,0.0069303,0.001001,5e-05
0,5.16e-05,0.0069304,0.0010011,5e-05
0,5.18e-05,0.0069306,0.0010013,5e-05
0,5.1999e-05,0.0069307,0.0010014,5e-05
0,5.22e-05,0.0069308,0.0010016,5e-05
0,5.24e-05,0.006931,0.0010017,5e-05
0,5.2599e-05,0.0069311,0.0010018,5e-05
0,5.28e-05,0.0069313,0.001002,5e-05
0,5.3e-05,0.0069314,0.0010021,5e-05
0,5.3199e-05,0.0069315,0.0010023,5e-05
0,5.3399e-05,0.0069317,0.0010024,5e-05
0,5.36e-05,0.0069318,0.0010025,5e-05
0,5.3799e-05,0.006932,0.0010027,5e-05
0,5.3999e-05,0.0069321,0.0010028,5e-05
0,5.42e-05,0.0069323,0.001003,5e-05
0,5.44e-05,0.0069324,0.0010031,5e-05
0,5.4599e-05,0.0069325,0.0010032,5e-05
0,5.48e-05,0.0069327,0.0010034,5e-05
0,5.5e-05,0.0069328,0.0010035,5e-05
0,5.5199e-05,0.006933,0.0010037,5e-05
0,5.5399e-05,0.0069331,0.0010038,5e-05
0,5.56e-05,0.0069332,0.001004,5e-05
0,5.5799e-05,0.0069334,0.0010041,5e-05
0,5.5999e-05,0.0069335,0.0010042,5e-05
0,5.62e-05,0.0069337,0.0010044,5e-05
0,5.64e-05,0.0069338,0.0010045,5e-05
0,5.6599e-05,0.006934,0.0010047,5e-05
0,5.6799e-05,0.0069341,0.0010048,5e-05
0,5.7e-05,0.0069342,0.0010049,5e-05
0,5.7199e-05,0.0069344,0.0010051,5e-05
0,5.7399e-05,0.0069345,0.0010052,5e-05
0,5.76e-05,0.0069347,0.0010054,5e-05
0,5.7799e-05,0.0069348,0.0010055,5e-05
0,5.7999e-05,0.0069349,0.0010057,5e-05
0,5.82e-05,0.0069351,0.0010058,5e-05
0,5.84e-05,0.0069352,0.0010059,5e-05
0,5.8599e-05,0.0069354,0.0010061,5e-05
0,5.8799e-05,0.0069355,0.0010062,5e-05
0,5.9e-05,0.0069356,0.0010064,5e-05
0,5.9199e-05,0.0069358,0.0010065,5e-05
0,5.9399e-05,0.0069359,0.0010066,5e-05
0,5.9599e-05,0.0069361,0.0010068,5e-05
0,5.9799e-05,0.0069362,0.0010069,5e-05
0,5.9999e-05,0.0069364,0.0010071,5e-05
0,6.02e-05,0.0069365,0.0010072,5e-05
0,6.0399e-05,0.0069366,0.0010073,5e-05
0,6.0599e-05,0.0069368,0.0010075,5e-05
0,6.0799e-05,0.0069369,0.0010076,5e-05
0,6.1e-05,0.0069371,0.0010078,5e-05
0,6.1199e-05,0.0069372,0.0010079,5e-05
0,6.1399e-05,0.0069373,0.0010081,5e-05
0,6.1599e-05,0.0069375,0.0010082,5e-05
0,6.1799e-05,0.0069376,0.0010083,5e-05
0,6.1999e-05,0.0069378,0.0010085,5e-05
0,6.22e-05,0.0069379,0.0010086,5e-05
0,6.2399e-05,0.0069381,0.0010088,5e-05
0,6.2599e-05,0.0069382,0.0010089,5e-05
0,6.2799e-05,0.0069383,0.001009,5e-05
0,6.3e-05,0.0069385,0.0010092,5e-05
0,6.3199e-05,0.0069386,0.0010093,5e-05
0,6.3399e-05,0.0069388,0.0010095,5e-05
0,6.3599e-05,0.0069389,0.0010096,5e-05
0,6.3799e-05,0.006939,0.0010098,5e-05
0,6.3999e-05,0.0069392,0.0010099,5e-05
0,6.42e-05,0.0069393,0.00101,5e-05
0,6.4399e-05,0.0069395,0.0010102,5e-05
0,6.4599e-05,0.0069396,0.0010103,5e-05
0,6.4799e-05,0.0069398,0.0010105,5e-05
0,6.5e-05,0.0069399,0.0010106,5e-05
0,6.5199e-05,0.00694,0.0010107,5e-05
0,6.5399e-05,0.0069402,0.0010109,5e-05
0,6.5599e-05,0.0069403,0.001011,5e-05
0,6.5799e-05,0.0069405,0.0010112,5e-05
0,6.5999e-05,0.0069406,0.0010113,5e-05
0,6.62e-05,0.0069407,0.0010115,5e-05
0,6.6399e-05,0.0069409,0.0010116,5e-05
0,6.6599e-05,0.006941,0.0010117,5e-05
0,6.6799e-05,0.0069412,0.0010119,5e-05
0,6.6999e-05,0.0069413,0.001012,5e-05
0,6.7199e-05,0.0069414,0.0010122,5e-05
0,6.7399e-05,0.0069416,0.0010123,5e-05
0,6.7599e-05,0.0069417,0.0010124,5e-05
0,6.7799e-05,0.0069419,0.0010126,5e-05
0,6.7999e-05,0.006942,0.0010127,5e-05
0,6.8199e-05,0.0069422,0.0010129,5e-05
0,6.8399e-05,0.0069423,0.001013,5e-05
0,6.8599e-05,0.0069424,0.0010131,5e-05
0,6.8799e-05,0.0069426,0.0010133,5e-05
0,6.8999e-05,0.0069427,0.0010134,5e-05
0,6.9199e-05,0.0069429,0.0010136,5e-05
0,6.9399e-05,0.006943,0.0010137,5e-05
0,6.9599e-05,0.0069431,0.0010139,5e-05
0,6.9799e-05,0.0069433,0.001014,5e-05
0,6.9999e-05,0.0069434,0.0010141,5e-05
0,7.0199e-05,0.0069436,0.0010143,5e-05
0,7.0399e-05,0.0069437,0.0010144,5e-05
0,7.0599e-05,0.0069439,0.0010146,5e-05
0,7.0799e-05,0.006944,0.0010147,5e-05
0,7.0999e-05,0.0069441,0.0010148,5e-05
0,7.1199e-05,0.0069443,0.001015,5e-05
0,7.1399e-05,0.0069444,0.0010151,5e-05
0,7.1599e-05,0.0069446,0.0010153,5e-05
0,7.1799e-05,0.0069447,0.0010154,5e-05
0,7.1999e-05,0.0069448,0.0010156,5e-05
0,7.2199e-05,0.006945,0.0010157,5e-05
0,7.2399e-05,0.0069451,0.0010158,5e-05
0,7.2599e-05,0.0069453,0.001016,5e-05
0,7.2799e-05,0.0069454,0.0010161,5e-05
0,7.2999e-05,0.0069455,0.0010163,5e-05
0,7.3199e-05,0.0069457,0.0010164,5e-05
0,7.3399e-05,0.0069458,0.0010165,5e-05
0,7.3599e-05,0.006946,0.0010167,5e-05
0,7.3799e-05,0.0069461,0.0010168,5e-05
0,7.3999e-05,0.0069463,0.001017,5e-05
0,7.4199e-05,0.0069464,0.0010171,5e-05
0,7.4399e-05,0.0069465,0.0010172,5e-05
0,7.4599e-05,0.0069467,0.0010174,5e-05
0,7.4799e-05,0.0069468,0.0010175,5e-05
0,7.4999e-05,0.006947,0.0010177,5e-05
0,7.5199e-05,0.0069471,0.0010178,5e-05
0,7.5399e-05,0.0069472,0.001018,5e-05
0,7.5599e-05,0.0069474,0.0010181,5e-05
0,7.5799e-05,0.0069475,0.0010182,5e-05
0,7.5999e-05,0.0069477,0.0010184,5e-05
0,7.6199e-05,0.0069478,0.0010185,5e-05
0,7.6399e-05,0.006948,0.0010187,5e-05
0,7.6599e-05,0.0069481,0.0010188,5e-05
0,7.6799e-05,0.0069482,0.0010189,5e-05
0,7.6999e-05,0.0069484,0.0010191,5e-05
0,7.7199e-05,0.0069485,0.0010192,5e-05
0,7.7399e-05,0.0069487,0.0010194,5e-05
0,7.7599e-05,0.0069488,0.0010195,5e-05
0,7.7799e-05,0.0069489,0.0010197,5e-05
0,7.7999e-05,0.0069491,0.0010198,5e-05
0,7.8199e-05,0.0069492,0.0010199,5e-05
0,7.8399e-05,0.0069494,0.0010201,5e-05
0,7.8599e-05,0.0069495,0.0010202,5e-05
0,7.8799e-05,0.0069496,0.0010204,5e-05
0,7.8999e-05,0.0069498,0.0010205,5e-05
0,7.9199e-05,0.0069499,0.0010206,5e-05
0,7.9399e-05,0.0069501,0.0010208,5e-05
0,7.9599e-05,0.0069502,0.0010209,5e-05
0,7.9799e-05,0.0069504,0.0010211,5e-05
0,7.9999e-05,0.0069505,0.0010212,5e-05
0,8.0199e-05,0.0069506,0.0010213,5e-05
0,8.0399e-05,0.0069508,0.0010215,5e-05
0,8.0599e-05,0.0069509,0.0010216,5e-05
0,8.0799e-05,0.0069511,0.0010218,5e-05
0,8.0999e-05,0.0069512,0.0010219,5e-05
0,8.1199e-05,0.0069513,0.0010221,5e-05
0,8.1399e-05,0.0069515,0.0010222,5e-05
0,8.1599e-05,0.0069516,0.0010223,5e-05
0,8.1799e-05,0.0069518,0.0010225,5e-05
0,8.1999e-05,0.0069519,0.0010226,5e-05
0,8.2199e-05,0.0069521,0.0010228,5e-05
0,8.2399e-05,0.0069522,0.0010229,5e-05
0,8.2599e-05,0.0069523,0.001023,5e-05
0,8.2799e-05,0.0069525,0.0010232,5e-05
0,8.2999e-05,0.0069526,0.0010233,5e-05
0,8.3199e-05,0.0069528,0.0010235,5e-05
0,8.3399e-05,0.0069529,0.0010236,5e-05
0,8.3599e-05,0.006953,0.0010238,5e-05
0,8.3799e-05,0.0069532,0.0010239,5e-05
0,8.3999e-05,0.0069533,0.001024,5e-05
0,8.4199e-05,0.0069535,0.0010242,5e-05
0,8.4399e-05,0.0069536,0.0010243,5e-05
0,8.4599e-05,0.0069538,0.0010245,5e-05
0,8.4799e-05,0.0069539,0.0010246,5e-05
0,8.4999e-05,0.006954,0.0010247,5e-05
0,8.5199e-05,0.0069542,0.0010249,5e-05
0,8.5399e-05,0.0069543,0.001025,5e-05
0,8.5599e-05,0.0069545,0.0010252,5e-05
0,8.5799e-05,0.0069546,0.0010253,5e-05
0,8.5999e-05,0.0069547,0.0010255,5e-05
0,8.6199e-05,0.0069549,0.0010256,5e-05
0,8.6399e-05,0.006955,0.0010257,5e-05
0,8.6599e-05,0.0069552,0.0010259,5e-05
0,8.6799e-05,0.0069553,0.001026,5e-05
0,8.6999e-05,0.0069554,0.0010262,5e-05
0,8.7199e-05,0.0069556,0.0010263,5e-05
0,8.7399e-05,0.0069557,0.0010264,5e-05
0,8.7599e-05,0.0069559,0.0010266,5e-05
0,8.7799e-05,0.006956,0.0010267,5e-05
0,8.7999e-05,0.0069562,0.0010269,5e-05
0,8.8199e-05,0.0069563,0.001027,5e-05
0,8.8399e-05,0.0069564,0.0010271,5e-05
0,8.8599e-05,0.0069566,0.0010273,5e-05
0,8.8799e-05,0.0069567,0.0010274,5e-05
0,8.8999e-05,0.0069569,0.0010276,5e-05
0,8.9199e-05,0.006957,0.0010277,5e-05
0,8.9399e-05,0.0069571,0.0010279,5e-05
0,8.9599e-05,0.0069573,0.001028,5e-05
0,8.9799e-05,0.0069574,0.0010281,5e-05
0,8.9999e-05,0.0069576,0.0010283,5e-05
0,9.0199e-05,0.0069577,0.0010284,5e-05
0,9.0399e-05,0.0069579,0.0010286,5e-05
0,9.0599e-05,0.006958,0.0010287,5e-05
0,9.0799e-05,0.0069581,0.0010288,5e-05
0,9.0999e-05,0.0069583,0.001029,5e-05
0,9.1199e-05,0.0069584,0.0010291,5e-05
0,9.1399e-05,0.0069586,0.0010293,5e-05
0,9.1599e-05,0.0069587,0.0010294,5e-05
0,9.1799e-05,0.0069588,0.0010296,5e-05
0,9.1999e-05,0.006959,0.0010297,5e-05
0,9.2199e-05,0.0069591,0.0010298,5e-05
0,9.2399e-05,0.0069593,0.00103,5e-05
0,9.2599e-05,0.0069594,0.0010301,5e-05
0,9.2799e-05,0.0069595,0.0010303,5e-05
0,9.2999e-05,0.0069597,0.0010304,5e-05
0,9.3199e-05,0.0069598,0.0010305,5e-05
0,9.3399e-05,0.00696,0.0010307,5e-05
0,9.3599e-05,0.0069601,0.0010308,5e-05
0,9.3799e-05,0.0069603,0.001031,5e-05
0,9.3999e-05,0.0069604,0.0010311,5e-05
0,9.4199e-05,0.0069605,0.0010312,5e-05
0,9.4399e-05,0.0069607,0.0010314,5e-05
0,9.4599e-05,0.0069608,0.0010315,5e-05
0,9.4799e-05,0.006961,0.0010317,5e-05
0,9.4999e-05,0.0069611,0.0010318,5e-05
0,9.5199e-05,0.0069612,0.001032,5e-05
0,9.5399e-05,0.0069614,0.0010321,5e-05
0,9.5599e-05,0.0069615,0.0010322,5e-05
0,9.5799e-05,0.0069617,0.0010324,5e-05
0,9.5999e-05,0.0069618,0.0010325,5e-05
0,9.6199e-05,0.006962,0.0010327,5e-05
0,9.6399e-05,0.0069621,0.0010328,5e-05
0,9.6599e-05,0.0069622,0.0010329,5e-05
0,9.6799e-05,0.0069624,0.0010331,5e-05
0,9.6999e-05,0.0069625,0.0010332,5e-05
0,9.7199e-05,0.0069627,0.0010334,5e-05
0,9.7399e-05,0.0069628,0.0010335,5e-05
0,9.7599e-05,0.0069629,0.0010337,5e-05
0,9.7799e-05,0.0069631,0.0010338,5e-05
0,9.7999e-05,0.0069632,0.0010339,5e-05
0,9.8199e-05,0.0069634,0.0010341,5e-05
0,9.8399e-05,0.0069635,0.0010342,5e-05
0,9.8599e-05,0.0069637,0.0010344,5e-05
0,9.8799e-05,0.0069638,0.0010345,5e-05
0,9.8999e-05,0.0069639,0.0010346,5e-05
0,9.9199e-05,0.0069641,0.0010348,5e-05
0,9.9399e-05,0.0069642,0.0010349,5e-05
0,9.9599e-05,0.0069644,0.0010351,5e-05
0,9.9799e-05,0.0069645,0.0010352,5e-05
0,9.9999e-05,0.0069646,0.0010354,5e-05
0,0.0001002,0.0069648,0.0010355,5e-05
0,0.0001004,0.0069649,0.0010356,5e-05
0,0.0001006,0.0069651,0.0010358,5e-05
0,0.0001008,0.0069652,0.0010359,5e-05
0,0.000101,0.0069653,0.0010361,5e-05
0,0.0001012,0.0069655,0.0010362,5e-05
0,0.0001014,0.0069656,0.0010363,5e-05
0,0.0001016,0.0069658,0.0010365,5e-05
0,0.0001018,0.0069659,0.0010366,5e-05
0,0.000102,0.0069661,0.0010368,5e-05
0,0.0001022,0.0069662,0.0010369,5e-05
0,0.0001024,0.0069663,0.001037,5e-05
0,0.0001026,0.0069665,0.0010372,5e-05
0,0.0001028,0.0069666,0.0010373,5e-05
0,0.000103,0.0069668,0.0010375,5e-05
0,0.0001032,0.0069669,0.0010376,5e-05
0,0.0001034,0.006967,0.0010378,5e-05
0,0.0001036,0.0069672,0.0010379,5e-05
0,0.0001038,0.0069673,0.001038,5e-05
0,0.000104,0.0069675,0.0010382,5e-05
0,0.0001042,0.0069676,0.0010383,5e-05
0,0.0001044,0.0069678,0.0010385,5e-05
0,0.0001046,0.0069679,0.0010386,5e-05
0,0.0001048,0.006968,0.0010387,5e-05
0,0.000105,0.0069682,0.0010389,5e-05
0,0.0001052,0.0069683,0.001039,5e-05
0,0.0001054,0.0069685,0.0010392,5e-05
0,0.0001056,0.0069686,0.0010393,5e-05
0,0.0001058,0.0069687,0.0010395,5e-05
0,0.000106,0.0069689,0.0010396,5e-05
0,0.0001062,0.006969,0.0010397,5e-05
0,0.0001064,0.0069692,0.0010399,5e-05
0,0.0001066,0.0069693,0.00104,5e-05
0,0.0001068,0.0069694,0.0010402,5e-05
0,0.000107,0.0069696,0.0010403,5e-05
0,0.0001072,0.0069697,0.0010404,5e-05
0,0.0001074,0.0069699,0.0010406,5e-05
0,0.0001076,0.00697,0.0010407,5e-05
0,0.0001078,0.0069702,0.0010409,5e-05
0,0.000108,0.0069703,0.001041,5e-05
0,0.0001082,0.0069704,0.0010411,5e-05
0,0.0001084,0.0069706,0.0010413,5e-05
0,0.0001086,0.0069707,0.0010414,5e-05
0,0.0001088,0.0069709,0.0010416,5e-05
0,0.000109,0.006971,0.0010417,5e-05
0,0.0001092,0.0069711,0.0010419,5e-05
0,0.0001094,0.0069713,0.001042,5e-05
0,0.0001096,0.0069714,0.0010421,5e-05
0,0.0001098,0.0069716,0.0010423,5e-05
0,0.00011,0.0069717,0.0010424,5e-05
0,0.0001102,0.0069719,0.0010426,5e-05
0,0.0001104,0.006972,0.0010427,5e-05
0,0.0001106,0.0069721,0.0010428,5e-05
0,0.0001108,0.0069723,0.001043,5e-05
0,0.000111,0.0069724,0.0010431,5e-05
0,0.0001112,0.0069726,0.0010433,5e-05
0,0.0001114,0.0069727,0.0010434,5e-05
0,0.0001116,0.0069728,0.0010436,5e-05
0,0.0001118,0.006973,0.0010437,5e-05
0,0.000112,0.0069731,0.0010438,5e-05
0,0.0001122,0.0069733,0.001044,5e-05
0,0.0001124,0.0069734,0.0010441,5e-05
0,0.0001126,0.0069735,0.0010443,5e-05
0,0.0001128,0.0069737,0.0010444,5e-05
0,0.000113,0.0069738,0.0010445,5e-05
0,0.0001132,0.006974,0.0010447,5e-05
0,0.0001134,0.0069741,0.0010448,5e-05
0,0.0001136,0.0069743,0.001045,5e-05
0,0.0001138,0.0069744,0.0010451,5e-05
0,0.000114,0.0069745,0.0010452,5e-05
0,0.0001142,0.0069747,0.0010454,5e-05
0,0.0001144,0.0069748,0.0010455,5e-05
0,0.0001146,0.006975,0.0010457,5e-05
0,0.0001148,0.0069751,0.0010458,5e-05
0,0.000115,0.0069752,0.001046,5e-05
0,0.0001152,0.0069754,0.0010461,5e-05
0,0.0001154,0.0069755,0.0010462,5e-05
0,0.0001156,0.0069757,0.0010464,5e-05
0,0.0001158,0.0069758,0.0010465,5e-05
0,0.000116,0.006976,0.0010467,5e-05
0,0.0001162,0.0069761,0.0010468,5e-05
0,0.0001164,0.0069762,0.0010469,5e-05
0,0.0001166,0.0069764,0.0010471,5e-05
0,0.0001168,0.0069765,0.0010472,5e-05
0,0.000117,0.0069767,0.0010474,5e-05
0,0.0001172,0.0069768,0.0010475,5e-05
0,0.0001174,0.0069769,0.0010477,5e-05
0,0.0001176,0.0069771,0.0010478,5e-05
0,0.0001178,0.0069772,0.0010479,5e-05
0,0.000118,0.0069774,0.0010481,5e-05
0,0.0001182,0.0069775,0.0010482,5e-05
0,0.0001184,0.0069777,0.0010484,5e-05
0,0.0001186,0.0069778,0.0010485,5e-05
0,0.0001188,0.0069779,0.0010486,5e-05
0,0.000119,0.0069781,0.0010488,5e-05
0,0.0001192,0.0069782,0.0010489,5e-05
0,0.0001194,0.0069784,0.0010491,5e-05
0,0.0001196,0.0069785,0.0010492,5e-05
0,0.0001198,0.0069786,0.0010494,5e-05
0,0.00012,0.0069788,0.0010495,5e-05
0,0.0001202,0.0069789,0.0010496,5e-05
0,0.0001204,0.0069791,0.0010498,5e-05
0,0.0001206,0.0069792,0.0010499,5e-05
0,0.0001208,0.0069793,0.0010501,5e-05
0,0.000121,0.0069795,0.0010502,5e-05
0,0.0001212,0.0069796,0.0010503,5e-05
0,0.0001214,0.0069798,0.0010505,5e-05
0,0.0001216,0.0069799,0.0010506,5e-05
0,0.0001218,0.0069801,0.0010508,5e-05
0,0.000122,0.0069802,0.0010509,5e-05
0,0.0001222,0.0069803,0.001051,5e-05
0,0.0001224,0.0069805,0.0010512,5e-05
0,0.0001226,0.0069806,0.0010513,5e-05
0,0.0001228,0.0069808,0.0010515,5e-05
0,0.000123,0.0069809,0.0010516,5e-05
0,0.0001232,0.006981,0.0010518,5e-05
0,0.0001234,0.0069812,0.0010519,5e-05
0,0.0001236,0.0069813,0.001052,5e-05
0,0.0001238,0.0069815,0.0010522,5e-05
0,0.000124,0.0069816,0.0010523,5e-05
0,0.0001242,0.0069818,0.0010525,5e-05
0,0.0001244,0.0069819,0.0010526,5e-05
0,0.0001246,0.006982,0.0010527,5e-05
0,0.0001248,0.0069822,0.0010529,5e-05
0,0.000125,0.0069823,0.001053,5e-05
0,0.0001252,0.0069825,0.0010532,5e-05
0,0.0001254,0.0069826,0.0010533,5e-05
0,0.0001256,0.0069827,0.0010535,5e-05
0,0.0001258,0.0069829,0.0010536,5e-05
0,0.000126,0.006983,0.0010537,5e-05
0,0.0001262,0.0069832,0.0010539,5e-05
0,0.0001264,0.0069833,0.001054,5e-05
0,0.0001266,0.0069834,0.0010542,5e-05
0,0.0001268,0.0069836,0.0010543,5e-05
0,0.000127,0.0069837,0.0010544,5e-05
0,0.0001272,0.0069839,0.0010546,5e-05
0,0.0001274,0.006984,0.0010547,5e-05
0,0.0001276,0.0069842,0.0010549,5e-05
0,0.0001278,0.0069843,0.001055,5e-05
0,0.000128,0.0069844,0.0010551,5e-05
0,0.0001282,0.0069846,0.0010553,5e-05
0,0.0001284,0.0069847,0.0010554,5e-05
0,0.0001286,0.0069849,0.0010556,5e-05
0,0.0001288,0.006985,0.0010557,5e-05
0,0.000129,0.0069851,0.0010559,5e-05
0,0.0001292,0.0069853,0.001056,5e-05
0,0.0001294,0.0069854,0.0010561,5e-05
0,0.0001296,0.0069856,0.0010563,5e-05
0,0.0001298,0.0069857,0.0010564,5e-05
0,0.00013,0.0069859,0.0010566,5e-05
0,0.0001302,0.006986,0.0010567,5e-05
0,0.0001304,0.0069861,0.0010568,5e-05
0,0.0001306,0.0069863,0.001057,5e-05
0,0.0001308,0.0069864,0.0010571,5e-05
0,0.000131,0.0069866,0.0010573,5e-05
0,0.0001312,0.0069867,0.0010574,5e-05
0,0.0001314,0.0069868,0.0010576,5e-05
0,0.0001316,0.006987,0.0010577,5e-05
0,0.0001318,0.0069871,0.0010578,5e-05
0,0.000132,0.0069873,0.001058,5e-05
0,0.0001322,0.0069874,0.0010581,5e-05
0,0.0001324,0.0069875,0.0010583,5e-05
0,0.0001326,0.0069877,0.0010584,5e-05
0,0.0001328,0.0069878,0.0010585,5e-05
0,0.000133,0.006988,0.0010587,5e-05
0,0.0001332,0.0069881,0.0010588,5e-05
0,0.0001334,0.0069883,0.001059,5e-05
0,0.0001336,0.0069884,0.0010591,5e-05
0,0.0001338,0.0069885,0.0010592,5e-05
0,0.000134,0.0069887,0.0010594,5e-05
0,0.0001342,0.0069888,0.0010595,5e-05
0,0.0001344,0.006989,0.0010597,5e-05
0,0.0001346,0.0069891,0.0010598,5e-05
0,0.0001348,0.0069892,0.00106,5e-05
0,0.000135,0.0069894,0.0010601,5e-05
0,0.0001352,0.0069895,0.0010602,5e-05
0,0.0001354,0.0069897,0.0010604,5e-05
0,0.0001356,0.0069898,0.0010605,5e-05
0,0.0001358,0.00699,0.0010607,5e-05
0,0.000136,0.0069901,0.0010608,5e-05
0,0.0001362,0.0069902,0.0010609,5e-05
0,0.0001364,0.0069904,0.0010611,5e-05
0,0.0001366,0.0069905,0.0010612,5e-05
0,0.0001368,0.0069907,0.0010614,5e-05
0,0.000137,0.0069908,0.0010615,5e-05
0,0.0001372,0.0069909,0.0010617,5e-05
0,0.0001374,0.0069911,0.0010618,5e-05
0,0.0001376,0.0069912,0.0010619,5e-05
0,0.0001378,0.0069914,0.0010621,5e-05
0,0.000138,0.0069915,0.0010622,5e-05
0,0.0001382,0.0069917,0.0010624,5e-05
0,0.0001384,0.0069918,0.0010625,5e-05
0,0.0001386,0.0069919,0.0010626,5e-05
0,0.0001388,0.0069921,0.0010628,5e-05
0,0.000139,0.0069922,0.0010629,5e-05
0,0.0001392,0.0069924,0.0010631,5e-05
0,0.0001394,0.0069925,0.0010632,5e-05
0,0.0001396,0.0069926,0.0010634,5e-05
0,0.0001398,0.0069928,0.0010635,5e-05
0,0.00014,0.0069929,0.0010636,5e-05
0,0.0001402,0.0069931,0.0010638,5e-05
0,0.0001404,0.0069932,0.0010639,5e-05
0,0.0001406,0.0069933,0.0010641,5e-05
0,0.0001408,0.0069935,0.0010642,5e-05
0,0.000141,0.0069936,0.0010643,5e-05
0,0.0001412,0.0069938,0.0010645,5e-05
0,0.0001414,0.0069939,0.0010646,5e-05
0,0.0001416,0.0069941,0.0010648,5e-05
0,0.0001418,0.0069942,0.0010649,5e-05
0,0.000142,0.0069943,0.001065,5e-05
0,0.0001422,0.0069945,0.0010652,5e-05
0,0.0001424,0.0069946,0.0010653,5e-05
0,0.0001426,0.0069948,0.0010655,5e-05
0,0.0001428,0.0069949,0.0010656,5e-05
0,0.000143,0.006995,0.0010658,5e-05
0,0.0001432,0.0069952,0.0010659,5e-05
0,0.0001434,0.0069953,0.001066,5e-05
0,0.0001436,0.0069955,0.0010662,5e-05
0,0.0001438,0.0069956,0.0010663,5e-05
0,0.000144,0.0069958,0.0010665,5e-05
0,0.0001442,0.0069959,0.0010666,5e-05
0,0.0001444,0.006996,0.0010667,5e-05
0,0.0001446,0.0069962,0.0010669,5e-05
0,0.0001448,0.0069963,0.001067,5e-05
0,0.000145,0.0069965,0.0010672,5e-05
0,0.0001452,0.0069966,0.0010673,5e-05
0,0.0001454,0.0069967,0.0010675,5e-05
0,0.0001456,0.0069969,0.0010676,5e-05
0,0.0001458,0.006997,0.0010677,5e-05
0,0.000146,0.0069972,0.0010679,5e-05
0,0.0001462,0.0069973,0.001068,5e-05
0,0.0001464,0.0069974,0.0010682,5e-05
0,0.0001466,0.0069976,0.0010683,5e-05
0,0.0001468,0.0069977,0.0010684,5e-05
0,0.000147,0.0069979,0.0010686,5e-05
0,0.0001472,0.006998,0.0010687,5e-05
0,0.0001474,0.0069982,0.0010689,5e-05
0,0.0001476,0.0069983,0.001069,5e-05
0,0.0001478,0.0069984,0.0010691,5e-05
0,0.000148,0.0069986,0.0010693,5e-05
0,0.0001482,0.0069987,0.0010694,5e-05
0,0.0001484,0.0069989,0.0010696,5e-05
0,0.0001486,0.006999,0.0010697,5e-05
0,0.0001488,0.0069991,0.0010699,5e-05
0,0.000149,0.0069993,0.00107,5e-05
0,0.0001492,0.0069994,0.0010701,5e-05
0,0.0001494,0.0069996,0.0010703,5e-05
0,0.0001496,0.0069997,0.0010704,5e-05
0,0.0001498,0.0069999,0.0010706,5e-05
0,0.00015,0.007,0.0010707,5e-05
0,0.0001502,0.0070001,0.0010708,5e-05
0,0.0001504,0.0070003,0.001071,5e-05
0,0.0001506,0.0070004,0.0010711,5e-05
0,0.0001508,0.0070006,0.0010713,5e-05
0,0.000151,0.0070007,0.0010714,5e-05
0,0.0001512,0.0070008,0.0010716,5e-05
0,0.0001514,0.007001,0.0010717,5e-05
0,0.0001516,0.0070011,0.0010718,5e-05
0,0.0001518,0.0070013,0.001072,5e-05
0,0.000152,0.0070014,0.0010721,5e-05
0,0.0001522,0.0070016,0.0010723,5e-05
0,0.0001524,0.0070017,0.0010724,5e-05
0,0.0001526,0.0070018,0.0010725,5e-05
0,0.0001528,0.007002,0.0010727,5e-05
0,0.000153,0.0070021,0.0010728,5e-05
0,0.0001532,0.0070023,0.001073,5e-05
0,0.0001534,0.0070024,0.0010731,5e-05
0,0.0001536,0.0070025,0.0010733,5e-05
0,0.0001538,0.0070027,0.0010734,5e-05
0,0.000154,0.0070028,0.0010735,5e-05
0,0.0001542,0.007003,0.0010737,5e-05
0,0.0001544,0.0070031,0.0010738,5e-05
0,0.0001546,0.0070032,0.001074,5e-05
0,0.0001548,0.0070034,0.0010741,5e-05
0,0.000155,0.0070035,0.0010742,5e-05
0,0.0001552,0.0070037,0.0010744,5e-05
0,0.0001554,0.0070038,0.0010745,5e-05
0,0.0001556,0.007004,0.0010747,5e-05
0,0.0001558,0.0070041,0.0010748,5e-05
0,0.000156,0.0070042,0.0010749,5e-05
0,0.0001562,0.0070044,0.0010751,5e-05
0,0.0001564,0.0070045,0.0010752,5e-05
0,0.0001566,0.0070047,0.0010754,5e-05
0,0.0001568,0.0070048,0.0010755,5e-05
0,0.000157,0.0070049,0.0010757,5e-05
0,0.0001572,0.0070051,0.0010758,5e-05
0,0.0001574,0.0070052,0.0010759,5e-05
0,0.0001576,0.0070054,0.0010761,5e-05
0,0.0001578,0.0070055,0.0010762,5e-05
0,0.000158,0.0070057,0.0010764,5e-05
0,0.0001582,0.0070058,0.0010765,5e-05
0,0.0001584,0.0070059,0.0010766,5e-05
0,0.0001586,0.0070061,0.0010768,5e-05
0,0.0001588,0.0070062,0.0010769,5e-05
0,0.000159,0.0070064,0.0010771,5e-05
0,0.0001592,0.0070065,0.0010772,5e-05
0,0.0001594,0.0070066,0.0010774,5e-05
0,0.0001596,0.0070068,0.0010775,5e-05
0,0.0001598,0.0070069,0.0010776,5e-05
0,0.00016,0.0070071,0.0010778,5e-05
0,0.0001602,0.0070072,0.0010779,5e-05
0,0.0001604,0.0070073,0.0010781,5e-05
0,0.0001606,0.0070075,0.0010782,5e-05
0,0.0001608,0.0070076,0.0010783,5e-05
0,0.000161,0.0070078,0.0010785,5e-05
0,0.0001612,0.0070079,0.0010786,5e-05
0,0.0001614,0.0070081,0.0010788,5e-05
0,0.0001616,0.0070082,0.0010789,5e-05
0,0.0001618,0.0070083,0.001079,5e-05
0,0.000162,0.0070085,0.0010792,5e-05
0,0.0001622,0.0070086,0.0010793,5e-05
0,0.0001624,0.0070088,0.0010795,5e-05
0,0.0001626,0.0070089,0.0010796,5e-05
0,0.0001628,0.007009,0.0010798,5e-05
0,0.000163,0.0070092,0.0010799,5e-05
0,0.0001632,0.0070093,0.00108,5e-05
0,0.0001634,0.0070095,0.0010802,5e-05
0,0.0001636,0.0070096,0.0010803,5e-05
0,0.0001638,0.0070098,0.0010805,5e-05
0,0.000164,0.0070099,0.0010806,5e-05
0,0.0001642,0.00701,0.0010807,5e-05
0,0.0001644,0.0070102,0.0010809,5e-05
0,0.0001646,0.0070103,0.001081,5e-05
0,0.0001648,0.0070105,0.0010812,5e-05
0,0.000165,0.0070106,0.0010813,5e-05
0,0.0001652,0.0070107,0.0010815,5e-05
0,0.0001654,0.0070109,0.0010816,5e-05
0,0.0001656,0.007011,0.0010817,5e-05
0,0.0001658,0.0070112,0.0010819,5e-05
0,0.000166,0.0070113,0.001082,5e-05
0,0.0001662,0.0070114,0.0010822,5e-05
0,0.0001664,0.0070116,0.0010823,5e-05
0,0.0001666,0.0070117,0.0010824,5e-05
0,0.0001668,0.0070119,0.0010826,5e-05
0,0.000167,0.007012,0.0010827,5e-05
0,0.0001672,0.0070122,0.0010829,5e-05
0,0.0001674,0.0070123,0.001083,5e-05
0,0.0001676,0.0070124,0.0010831,5e-05
0,0.0001678,0.0070126,0.0010833,5e-05
0,0.000168,0.0070127,0.0010834,5e-05
0,0.0001682,0.0070129,0.0010836,5e-05
0,0.0001684,0.007013,0.0010837,5e-05
0,0.0001686,0.0070131,0.0010839,5e-05
0,0.0001688,0.0070133,0.001084,5e-05
0,0.000169,0.0070134,0.0010841,5e-05
0,0.0001692,0.0070136,0.0010843,5e-05
0,0.0001694,0.0070137,0.0010844,5e-05
0,0.0001696,0.0070139,0.0010846,5e-05
0,0.0001698,0.007014,0.0010847,5e-05
0,0.00017,0.0070141,0.0010848,5e-05
0,0.0001702,0.0070143,0.001085,5e-05
0,0.0001704,0.0070144,0.0010851,5e-05
0,0.0001706,0.0070146,0.0010853,5e-05
0,0.0001708,0.0070147,0.0010854,5e-05
0,0.000171,0.0070148,0.0010856,5e-05
0,0.0001712,0.007015,0.0010857,5e-05
0,0.0001714,0.0070151,0.0010858,5e-05
0,0.0001716,0.0070153,0.001086,5e-05
0,0.0001718,0.0070154,0.0010861,5e-05
0,0.000172,0.0070156,0.0010863,5e-05
0,0.0001722,0.0070157,0.0010864,5e-05
0,0.0001724,0.0070158,0.0010865,5e-05
0,0.0001726,0.007016,0.0010867,5e-05
0,0.0001728,0.0070161,0.0010868,5e-05
0,0.000173,0.0070163,0.001087,5e-05
0,0.0001732,0.0070164,0.0010871,5e-05
0,0.0001734,0.0070165,0.0010873,5e-05
0,0.0001736,0.0070167,0.0010874,5e-05
0,0.0001738,0.0070168,0.0010875,5e-05
0,0.000174,0.007017,0.0010877,5e-05
0,0.0001742,0.0070171,0.0010878,5e-05
0,0.0001744,0.0070172,0.001088,5e-05
0,0.0001746,0.0070174,0.0010881,5e-05
0,0.0001748,0.0070175,0.0010882,5e-05
0,0.000175,0.0070177,0.0010884,5e-05
0,0.0001752,0.0070178,0.0010885,5e-05
0,0.0001754,0.007018,0.0010887,5e-05
0,0.0001756,0.0070181,0.0010888,5e-05
0,0.0001758,0.0070182,0.0010889,5e-05
0,0.000176,0.0070184,0.0010891,5e-05
0,0.0001762,0.0070185,0.0010892,5e-05
0,0.0001764,0.0070187,0.0010894,5e-05
0,0.0001766,0.0070188,0.0010895,5e-05
0,0.0001768,0.0070189,0.0010897,5e-05
0,0.000177,0.0070191,0.0010898,5e-05
0,0.0001772,0.0070192,0.0010899,5e-05
0,0.0001774,0.0070194,0.0010901,5e-05
0,0.0001776,0.0070195,0.0010902,5e-05
0,0.0001778,0.0070197,0.0010904,5e-05
0,0.000178,0.0070198,0.0010905,5e-05
0,0.0001782,0.0070199,0.0010906,5e-05
0,0.0001784,0.0070201,0.0010908,5e-05
0,0.0001786,0.0070202,0.0010909,5e-05
0,0.0001788,0.0070204,0.0010911,5e-05
0,0.000179,0.0070205,0.0010912,5e-05
0,0.0001792,0.0070206,0.0010914,5e-05
0,0.0001794,0.0070208,0.0010915,5e-05
0,0.0001796,0.0070209,0.0010916,5e-05
0,0.0001798,0.0070211,0.0010918,5e-05
0,0.00018,0.0070212,0.0010919,5e-05
0,0.0001802,0.0070213,0.0010921,5e-05
0,0.0001804,0.0070215,0.0010922,5e-05
0,0.0001806,0.0070216,0.0010923,5e-05
0,0.0001808,0.0070218,0.0010925,5e-05
0,0.000181,0.0070219,0.0010926,5e-05
0,0.0001812,0.0070221,0.0010928,5e-05
0,0.0001814,0.0070222,0.0010929,5e-05
0,0.0001816,0.0070223,0.001093,5e-05
0,0.0001818,0.0070225,0.0010932,5e-05
0,0.000182,0.0070226,0.0010933,5e-05
0,0.0001822,0.0070228,0.0010935,5e-05
0,0.0001824,0.0070229,0.0010936,5e-05
0,0.0001826,0.007023,0.0010938,5e-05
0,0.0001828,0.0070232,0.0010939,5e-05
0,0.000183,0.0070233,0.001094,5e-05
0,0.0001832,0.0070235,0.0010942,5e-05
0,0.0001834,0.0070236,0.0010943,5e-05
0,0.0001836,0.0070238,0.0010945,5e-05
0,0.0001838,0.0070239,0.0010946,5e-05
0,0.000184,0.007024,0.0010947,5e-05
0,0.0001842,0.0070242,0.0010949,5e-05
0,0.0001844,0.0070243,0.001095,5e-05
0,0.0001846,0.0070245,0.0010952,5e-05
0,0.0001848,0.0070246,0.0010953,5e-05
0,0.000185,0.0070247,0.0010955,5e-05
0,0.0001852,0.0070249,0.0010956,5e-05
0,0.0001854,0.007025,0.0010957,5e-05
0,0.0001856,0.0070252,0.0010959,5e-05
0,0.0001858,0.0070253,0.001096,5e-05
0,0.000186,0.0070255,0.0010962,5e-05
0,0.0001862,0.0070256,0.0010963,5e-05
0,0.0001864,0.0070257,0.0010964,5e-05
0,0.0001866,0.0070259,0.0010966,5e-05
0,0.0001868,0.007026,0.0010967,5e-05
0,0.000187,0.0070262,0.0010969,5e-05
0,0.0001872,0.0070263,0.001097,5e-05
0,0.0001874,0.0070264,0.0010972,5e-05
0,0.0001876,0.0070266,0.0010973,5e-05
0,0.0001878,0.0070267,0.0010974,5e-05
0,0.000188,0.0070269,0.0010976,5e-05
0,0.0001882,0.007027,0.0010977,5e-05
0,0.0001884,0.0070271,0.0010979,5e-05
0,0.0001886,0.0070273,0.001098,5e-05
0,0.0001888,0.0070274,0.0010981,5e-05
0,0.000189,0.0070276,0.0010983,5e-05
0,0.0001892,0.0070277,0.0010984,5e-05
0,0.0001894,0.0070279,0.0010986,5e-05
0,0.0001896,0.007028,0.0010987,5e-05
0,0.0001898,0.0070281,0.0010988,5e-05
0,0.00019,0.0070283,0.001099,5e-05
0,0.0001902,0.0070284,0.0010991,5e-05
0,0.0001904,0.0070286,0.0010993,5e-05
0,0.0001906,0.0070287,0.0010994,5e-05
0,0.0001908,0.0070288,0.0010996,5e-05
0,0.000191,0.007029,0.0010997,5e-05
0,0.0001912,0.0070291,0.0010998,5e-05
0,0.0001914,0.0070293,0.0011,5e-05
0,0.0001916,0.0070294,0.0011001,5e-05
0,0.0001918,0.0070296,0.0011003,5e-05
0,0.000192,0.0070297,0.0011004,5e-05
0,0.0001922,0.0070298,0.0011005,5e-05
0,0.0001924,0.00703,0.0011007,5e-05
0,0.0001926,0.0070301,0.0011008,5e-05
0,0.0001928,0.0070303,0.001101,5e-05
0,0.000193,0.0070304,0.0011011,5e-05
0,0.0001932,0.0070305,0.0011013,5e-05
0,0.0001934,0.0070307,0.0011014,5e-05
0,0.0001936,0.0070308,0.0011015,5e-05
0,0.0001938,0.007031,0.0011017,5e-05
0,0.000194,0.0070311,0.0011018,5e-05
0,0.0001942,0.0070312,0.001102,5e-05
0,0.0001944,0.0070314,0.0011021,5e-05
0,0.0001946,0.0070315,0.0011022,5e-05
0,0.0001948,0.0070317,0.0011024,5e-05
0,0.000195,0.0070318,0.0011025,5e-05
0,0.0001952,0.007032,0.0011027,5e-05
0,0.0001954,0.0070321,0.0011028,5e-05
0,0.0001956,0.0070322,0.0011029,5e-05
0,0.0001958,0.0070324,0.0011031,5e-05
0,0.000196,0.0070325,0.0011032,5e-05
0,0.0001962,0.0070327,0.0011034,5e-05
0,0.0001964,0.0070328,0.0011035,5e-05
0,0.0001966,0.0070329,0.0011037,5e-05
0,0.0001968,0.0070331,0.0011038,5e-05
0,0.000197,0.0070332,0.0011039,5e-05
0,0.0001972,0.0070334,0.0011041,5e-05
0,0.0001974,0.0070335,0.0011042,5e-05
0,0.0001976,0.0070337,0.0011044,5e-05
0,0.0001978,0.0070338,0.0011045,5e-05
0,0.000198,0.0070339,0.0011046,5e-05
0,0.0001982,0.0070341,0.0011048,5e-05
0,0.0001984,0.0070342,0.0011049,5e-05
0,0.0001986,0.0070344,0.0011051,5e-05
0,0.0001988,0.0070345,0.0011052,5e-05
0,0.000199,0.0070346,0.0011054,5e-05
0,0.0001992,0.0070348,0.0011055,5e-05
0,0.0001994,0.0070349,0.0011056,5e-05
0,0.0001996,0.0070351,0.0011058,5e-05
0,0.0001998,0.0070352,0.0011059,5e-05
0,0.0002,0.0070353,0.0011061,5e-05
