"C","vtkValidPointMask","arc_length","Points:0","Points:1","Points:2"
0.50007,1,0,0.0041118,0.001,5e-05
0.50099,1,9.996e-08,0.0041118,0.0010001,5e-05
0.50191,1,1.9992e-07,0.0041117,0.0010002,5e-05
0.50283,1,2.9988e-07,0.0041117,0.0010003,5e-05
0.50375,1,3.9994e-07,0.0041116,0.0010004,5e-05
0.50467,1,4.999e-07,0.0041116,0.0010004,5e-05
0.50559,1,5.9986e-07,0.0041115,0.0010005,5e-05
0.50651,1,6.9993e-07,0.0041115,0.0010006,5e-05
0.50743,1,7.9989e-07,0.0041114,0.0010007,5e-05
0.50835,1,8.9985e-07,0.0041114,0.0010008,5e-05
0.50927,1,9.9981e-07,0.0041114,0.0010009,5e-05
0.51019,1,1.0999e-06,0.0041113,0.001001,5e-05
0.51111,1,1.1998e-06,0.0041113,0.0010011,5e-05
0.51218,1,1.2998e-06,0.0041112,0.0010012,5e-05
0.51341,1,1.3999e-06,0.0041112,0.0010013,5e-05
0.51463,1,1.4998e-06,0.0041111,0.0010013,5e-05
0.51586,1,1.5998e-06,0.0041111,0.0010014,5e-05
0.51709,1,1.6997e-06,0.004111,0.0010015,5e-05
0.51832,1,1.7998e-06,0.004111,0.0010016,5e-05
0.51954,1,1.8998e-06,0.004111,0.0010017,5e-05
0.52077,1,1.9997e-06,0.0041109,0.0010018,5e-05
0.522,1,2.0998e-06,0.0041109,0.0010019,5e-05
0.52323,1,2.2e-06,0.0041108,0.001002,5e-05
0.52445,1,2.2999e-06,0.0041108,0.0010021,5e-05
0.52568,1,2.3999e-06,0.0041107,0.0010021,5e-05
0.52691,1,2.4999e-06,0.0041107,0.0010022,5e-05
0.5285,1,2.5999e-06,0.0041106,0.0010023,5e-05
0.53009,1,2.6999e-06,0.0041106,0.0010024,5e-05
0.53168,1,2.7999e-06,0.0041105,0.0010025,5e-05
0.53327,1,2.8999e-06,0.0041105,0.0010026,5e-05
0.53486,1,2.9998e-06,0.0041105,0.0010027,5e-05
0.53645,1,3.0998e-06,0.0041104,0.0010028,5e-05
0.53804,1,3.1999e-06,0.0041104,0.0010029,5e-05
0.53963,1,3.2998e-06,0.0041103,0.001003,5e-05
0.54122,1,3.3998e-06,0.0041103,0.001003,5e-05
0.54281,1,3.4999e-06,0.0041102,0.0010031,5e-05
0.5444,1,3.5998e-06,0.0041102,0.0010032,5e-05
0.54599,1,3.6998e-06,0.0041101,0.0010033,5e-05
0.54773,1,3.7997e-06,0.0041101,0.0010034,5e-05
0.54962,1,3.8998e-06,0.0041101,0.0010035,5e-05
0.5515,1,3.9998e-06,0.00411,0.0010036,5e-05
0.55339,1,4.0997e-06,0.00411,0.0010037,5e-05
0.55527,1,4.1998e-06,0.0041099,0.0010038,5e-05
0.55716,1,4.2997e-06,0.0041099,0.0010038,5e-05
0.55904,1,4.3997e-06,0.0041098,0.0010039,5e-05
0.56093,1,4.4997e-06,0.0041098,0.001004,5e-05
0.56281,1,4.5997e-06,0.0041097,0.0010041,5e-05
0.5647,1,4.6997e-06,0.0041097,0.0010042,5e-05
0.56658,1,4.7996e-06,0.0041097,0.0010043,5e-05
0.56847,1,4.8996e-06,0.0041096,0.0010044,5e-05
0.57036,1,4.9999e-06,0.0041096,0.0010045,5e-05
0.57249,1,5.0998e-06,0.0041095,0.0010046,5e-05
0.57463,1,5.1998e-06,0.0041095,0.0010047,5e-05
0.57677,1,5.2999e-06,0.0041094,0.0010047,5e-05
0.5789,1,5.3998e-06,0.0041094,0.0010048,5e-05
0.58103,1,5.4998e-06,0.0041093,0.0010049,5e-05
0.58317,1,5.5997e-06,0.0041093,0.001005,5e-05
0.58531,1,5.6998e-06,0.0041093,0.0010051,5e-05
0.58744,1,5.7998e-06,0.0041092,0.0010052,5e-05
0.58957,1,5.8997e-06,0.0041092,0.0010053,5e-05
0.59171,1,5.9998e-06,0.0041091,0.0010054,5e-05
0.59385,1,6.0997e-06,0.0041091,0.0010055,5e-05
0.59598,1,6.1997e-06,0.004109,0.0010055,5e-05
0.59822,1,6.2997e-06,0.004109,0.0010056,5e-05
0.60055,1,6.3997e-06,0.0041089,0.0010057,5e-05
0.60289,1,6.4997e-06,0.0041089,0.0010058,5e-05
0.60523,1,6.5997e-06,0.0041088,0.0010059,5e-05
0.60757,1,6.6997e-06,0.0041088,0.001006,5e-05
0.6099,1,6.7997e-06,0.0041088,0.0010061,5e-05
0.61224,1,6.8996e-06,0.0041087,0.0010062,5e-05
0.61458,1,6.9996e-06,0.0041087,0.0010063,5e-05
0.61691,1,7.0997e-06,0.0041086,0.0010064,5e-05
0.61925,1,7.1996e-06,0.0041086,0.0010064,5e-05
0.62159,1,7.2996e-06,0.0041085,0.0010065,5e-05
0.62393,1,7.3996e-06,0.0041085,0.0010066,5e-05
0.62626,1,7.4996e-06,0.0041084,0.0010067,5e-05
0.62875,1,7.5996e-06,0.0041084,0.0010068,5e-05
0.63124,1,7.6995e-06,0.0041084,0.0010069,5e-05
0.63373,1,7.7998e-06,0.0041083,0.001007,5e-05
0.63622,1,7.8998e-06,0.0041083,0.0010071,5e-05
0.63871,1,7.9997e-06,0.0041082,0.0010072,5e-05
0.6412,1,8.0998e-06,0.0041082,0.0010072,5e-05
0.64369,1,8.1997e-06,0.0041081,0.0010073,5e-05
0.64618,1,8.2997e-06,0.0041081,0.0010074,5e-05
0.64867,1,8.3997e-06,0.004108,0.0010075,5e-05
0.65116,1,8.4997e-06,0.004108,0.0010076,5e-05
0.65365,1,8.5997e-06,0.004108,0.0010077,5e-05
0.65613,1,8.6996e-06,0.0041079,0.0010078,5e-05
0.65867,1,8.7997e-06,0.0041079,0.0010079,5e-05
0.66126,1,8.8997e-06,0.0041078,0.001008,5e-05
0.66385,1,8.9996e-06,0.0041078,0.001008,5e-05
0.66643,1,9.0996e-06,0.0041077,0.0010081,5e-05
0.66902,1,9.1997e-06,0.0041077,0.0010082,5e-05
0.67161,1,9.2996e-06,0.0041076,0.0010083,5e-05
0.67419,1,9.3996e-06,0.0041076,0.0010084,5e-05
0.67678,1,9.4996e-06,0.0041076,0.0010085,5e-05
0.67937,1,9.5996e-06,0.0041075,0.0010086,5e-05
0.68195,1,9.6996e-06,0.0041075,0.0010087,5e-05
0.68454,1,9.7995e-06,0.0041074,0.0010088,5e-05
0.68713,1,9.8996e-06,0.0041074,0.0010089,5e-05
0.68971,1,9.9995e-06,0.0041073,0.0010089,5e-05
0.69234,1,1.01e-05,0.0041073,0.001009,5e-05
0.69497,1,1.02e-05,0.0041072,0.0010091,5e-05
0.6976,1,1.03e-05,0.0041072,0.0010092,5e-05
0.70023,1,1.0399e-05,0.0041071,0.0010093,5e-05
0.70286,1,1.0499e-05,0.0041071,0.0010094,5e-05
0.70549,1,1.06e-05,0.0041071,0.0010095,5e-05
0.70812,1,1.07e-05,0.004107,0.0010096,5e-05
0.71075,1,1.08e-05,0.004107,0.0010097,5e-05
0.71338,1,1.09e-05,0.0041069,0.0010097,5e-05
0.71601,1,1.1e-05,0.0041069,0.0010098,5e-05
0.71864,1,1.11e-05,0.0041068,0.0010099,5e-05
0.72127,1,1.12e-05,0.0041068,0.00101,5e-05
0.7239,1,1.13e-05,0.0041067,0.0010101,5e-05
0.72651,1,1.14e-05,0.0041067,0.0010102,5e-05
0.72913,1,1.15e-05,0.0041067,0.0010103,5e-05
0.73175,1,1.16e-05,0.0041066,0.0010104,5e-05
0.73437,1,1.17e-05,0.0041066,0.0010105,5e-05
0.73699,1,1.18e-05,0.0041065,0.0010106,5e-05
0.7396,1,1.19e-05,0.0041065,0.0010106,5e-05
0.74222,1,1.2e-05,0.0041064,0.0010107,5e-05
0.74484,1,1.21e-05,0.0041064,0.0010108,5e-05
0.74746,1,1.2199e-05,0.0041063,0.0010109,5e-05
0.75007,1,1.2299e-05,0.0041063,0.001011,5e-05
0.75269,1,1.24e-05,0.0041063,0.0010111,5e-05
0.75531,1,1.2499e-05,0.0041062,0.0010112,5e-05
0.75786,1,1.2599e-05,0.0041062,0.0010113,5e-05
0.76042,1,1.27e-05,0.0041061,0.0010114,5e-05
0.76297,1,1.2799e-05,0.0041061,0.0010114,5e-05
0.76552,1,1.2899e-05,0.004106,0.0010115,5e-05
0.76807,1,1.2999e-05,0.004106,0.0010116,5e-05
0.77063,1,1.3099e-05,0.0041059,0.0010117,5e-05
0.77318,1,1.3199e-05,0.0041059,0.0010118,5e-05
0.77573,1,1.3299e-05,0.0041059,0.0010119,5e-05
0.77828,1,1.3399e-05,0.0041058,0.001012,5e-05
0.78084,1,1.35e-05,0.0041058,0.0010121,5e-05
0.78339,1,1.36e-05,0.0041057,0.0010122,5e-05
0.78594,1,1.37e-05,0.0041057,0.0010123,5e-05
0.78844,1,1.38e-05,0.0041056,0.0010123,5e-05
0.79088,1,1.39e-05,0.0041056,0.0010124,5e-05
0.79332,1,1.4e-05,0.0041055,0.0010125,5e-05
0.79576,1,1.41e-05,0.0041055,0.0010126,5e-05
0.79819,1,1.42e-05,0.0041054,0.0010127,5e-05
0.80063,1,1.4299e-05,0.0041054,0.0010128,5e-05
0.80307,1,1.4399e-05,0.0041054,0.0010129,5e-05
0.80551,1,1.45e-05,0.0041053,0.001013,5e-05
0.80795,1,1.4599e-05,0.0041053,0.0010131,5e-05
0.81039,1,1.4699e-05,0.0041052,0.0010131,5e-05
0.81283,1,1.48e-05,0.0041052,0.0010132,5e-05
0.81526,1,1.4899e-05,0.0041051,0.0010133,5e-05
0.8177,1,1.4999e-05,0.0041051,0.0010134,5e-05
0.81998,1,1.5099e-05,0.004105,0.0010135,5e-05
0.82227,1,1.5199e-05,0.004105,0.0010136,5e-05
0.82455,1,1.5299e-05,0.004105,0.0010137,5e-05
0.82683,1,1.5399e-05,0.0041049,0.0010138,5e-05
0.82912,1,1.5499e-05,0.0041049,0.0010139,5e-05
0.8314,1,1.5599e-05,0.0041048,0.001014,5e-05
0.83368,1,1.5699e-05,0.0041048,0.001014,5e-05
0.83596,1,1.5799e-05,0.0041047,0.0010141,5e-05
0.83824,1,1.5899e-05,0.0041047,0.0010142,5e-05
0.84053,1,1.5999e-05,0.0041046,0.0010143,5e-05
0.84281,1,1.6099e-05,0.0041046,0.0010144,5e-05
0.84509,1,1.6199e-05,0.0041046,0.0010145,5e-05
0.84728,1,1.63e-05,0.0041045,0.0010146,5e-05
0.84937,1,1.6399e-05,0.0041045,0.0010147,5e-05
0.85146,1,1.6499e-05,0.0041044,0.0010148,5e-05
0.85356,1,1.66e-05,0.0041044,0.0010148,5e-05
0.85565,1,1.6699e-05,0.0041043,0.0010149,5e-05
0.85774,1,1.6799e-05,0.0041043,0.001015,5e-05
0.85983,1,1.6899e-05,0.0041042,0.0010151,5e-05
0.86193,1,1.6999e-05,0.0041042,0.0010152,5e-05
0.86402,1,1.7099e-05,0.0041042,0.0010153,5e-05
0.86611,1,1.7199e-05,0.0041041,0.0010154,5e-05
0.8682,1,1.7299e-05,0.0041041,0.0010155,5e-05
0.87029,1,1.7399e-05,0.004104,0.0010156,5e-05
0.87239,1,1.7499e-05,0.004104,0.0010157,5e-05
0.87426,1,1.7599e-05,0.0041039,0.0010157,5e-05
0.87614,1,1.7699e-05,0.0041039,0.0010158,5e-05
0.87802,1,1.7799e-05,0.0041038,0.0010159,5e-05
0.8799,1,1.7899e-05,0.0041038,0.001016,5e-05
0.88178,1,1.7999e-05,0.0041038,0.0010161,5e-05
0.88365,1,1.8099e-05,0.0041037,0.0010162,5e-05
0.88553,1,1.8199e-05,0.0041037,0.0010163,5e-05
0.88741,1,1.8299e-05,0.0041036,0.0010164,5e-05
0.88929,1,1.8399e-05,0.0041036,0.0010165,5e-05
0.89116,1,1.8499e-05,0.0041035,0.0010165,5e-05
0.89304,1,1.8599e-05,0.0041035,0.0010166,5e-05
0.89492,1,1.8699e-05,0.0041034,0.0010167,5e-05
0.89668,1,1.8799e-05,0.0041034,0.0010168,5e-05
0.89833,1,1.8899e-05,0.0041033,0.0010169,5e-05
0.89998,1,1.8999e-05,0.0041033,0.001017,5e-05
0.90164,1,1.9099e-05,0.0041033,0.0010171,5e-05
0.90329,1,1.9199e-05,0.0041032,0.0010172,5e-05
0.90494,1,1.9299e-05,0.0041032,0.0010173,5e-05
0.90659,1,1.9399e-05,0.0041031,0.0010174,5e-05
0.90824,1,1.9499e-05,0.0041031,0.0010174,5e-05
0.90989,1,1.9599e-05,0.004103,0.0010175,5e-05
0.91154,1,1.9699e-05,0.004103,0.0010176,5e-05
0.91319,1,1.9799e-05,0.0041029,0.0010177,5e-05
0.91484,1,1.9899e-05,0.0041029,0.0010178,5e-05
0.91649,1,1.9999e-05,0.0041029,0.0010179,5e-05
0.91791,1,2.0099e-05,0.0041028,0.001018,5e-05
0.91932,1,2.0199e-05,0.0041028,0.0010181,5e-05
0.92074,1,2.0299e-05,0.0041027,0.0010182,5e-05
0.92216,1,2.0399e-05,0.0041027,0.0010182,5e-05
0.92358,1,2.0499e-05,0.0041026,0.0010183,5e-05
0.925,1,2.0599e-05,0.0041026,0.0010184,5e-05
0.92642,1,2.0699e-05,0.0041025,0.0010185,5e-05
0.92784,1,2.0799e-05,0.0041025,0.0010186,5e-05
0.92926,1,2.0899e-05,0.0041025,0.0010187,5e-05
0.93068,1,2.0999e-05,0.0041024,0.0010188,5e-05
0.93209,1,2.1099e-05,0.0041024,0.0010189,5e-05
0.93351,1,2.1199e-05,0.0041023,0.001019,5e-05
0.93482,1,2.1299e-05,0.0041023,0.0010191,5e-05
0.93601,1,2.1399e-05,0.0041022,0.0010191,5e-05
0.93721,1,2.1499e-05,0.0041022,0.0010192,5e-05
0.9384,1,2.1599e-05,0.0041021,0.0010193,5e-05
0.93959,1,2.1699e-05,0.0041021,0.0010194,5e-05
0.94079,1,2.1799e-05,0.0041021,0.0010195,5e-05
0.94198,1,2.1899e-05,0.004102,0.0010196,5e-05
0.94318,1,2.1999e-05,0.004102,0.0010197,5e-05
0.94437,1,2.2099e-05,0.0041019,0.0010198,5e-05
0.94557,1,2.2199e-05,0.0041019,0.0010199,5e-05
0.94676,1,2.2299e-05,0.0041018,0.0010199,5e-05
0.94795,1,2.2399e-05,0.0041018,0.00102,5e-05
0.94915,1,2.2499e-05,0.0041017,0.0010201,5e-05
0.95013,1,2.2599e-05,0.0041017,0.0010202,5e-05
0.95111,1,2.2699e-05,0.0041016,0.0010203,5e-05
0.95209,1,2.2799e-05,0.0041016,0.0010204,5e-05
0.95307,1,2.2899e-05,0.0041016,0.0010205,5e-05
0.95405,1,2.2999e-05,0.0041015,0.0010206,5e-05
0.95504,1,2.3099e-05,0.0041015,0.0010207,5e-05
0.95602,1,2.3199e-05,0.0041014,0.0010208,5e-05
0.957,1,2.3299e-05,0.0041014,0.0010208,5e-05
0.95798,1,2.3399e-05,0.0041013,0.0010209,5e-05
0.95896,1,2.3499e-05,0.0041013,0.001021,5e-05
0.95994,1,2.3599e-05,0.0041012,0.0010211,5e-05
0.96093,1,2.3699e-05,0.0041012,0.0010212,5e-05
0.96181,1,2.3799e-05,0.0041012,0.0010213,5e-05
0.9626,1,2.3899e-05,0.0041011,0.0010214,5e-05
0.96339,1,2.3999e-05,0.0041011,0.0010215,5e-05
0.96418,1,2.4099e-05,0.004101,0.0010216,5e-05
0.96497,1,2.4199e-05,0.004101,0.0010216,5e-05
0.96576,1,2.4299e-05,0.0041009,0.0010217,5e-05
0.96655,1,2.4399e-05,0.0041009,0.0010218,5e-05
0.96734,1,2.4499e-05,0.0041008,0.0010219,5e-05
0.96813,1,2.4599e-05,0.0041008,0.001022,5e-05
0.96892,1,2.4699e-05,0.0041008,0.0010221,5e-05
0.96971,1,2.4799e-05,0.0041007,0.0010222,5e-05
0.9705,1,2.4899e-05,0.0041007,0.0010223,5e-05
0.97129,1,2.4999e-05,0.0041006,0.0010224,5e-05
0.97191,1,2.5099e-05,0.0041006,0.0010224,5e-05
0.97253,1,2.5199e-05,0.0041005,0.0010225,5e-05
0.97315,1,2.5299e-05,0.0041005,0.0010226,5e-05
0.97377,1,2.5399e-05,0.0041004,0.0010227,5e-05
0.97439,1,2.5499e-05,0.0041004,0.0010228,5e-05
0.97501,1,2.5599e-05,0.0041004,0.0010229,5e-05
0.97564,1,2.5699e-05,0.0041003,0.001023,5e-05
0.97626,1,2.5799e-05,0.0041003,0.0010231,5e-05
0.97688,1,2.5899e-05,0.0041002,0.0010232,5e-05
0.9775,1,2.5999e-05,0.0041002,0.0010233,5e-05
0.97812,1,2.6099e-05,0.0041001,0.0010233,5e-05
0.97874,1,2.6199e-05,0.0041001,0.0010234,5e-05
0.97929,1,2.6299e-05,0.0041,0.0010235,5e-05
0.97977,1,2.6399e-05,0.0041,0.0010236,5e-05
0.98024,1,2.6499e-05,0.0040999,0.0010237,5e-05
0.98072,1,2.6599e-05,0.0040999,0.0010238,5e-05
0.9812,1,2.6699e-05,0.0040999,0.0010239,5e-05
0.98168,1,2.6799e-05,0.0040998,0.001024,5e-05
0.98215,1,2.6899e-05,0.0040998,0.0010241,5e-05
0.98263,1,2.6999e-05,0.0040997,0.0010241,5e-05
0.98311,1,2.7099e-05,0.0040997,0.0010242,5e-05
0.98358,1,2.7199e-05,0.0040996,0.0010243,5e-05
0.98406,1,2.7299e-05,0.0040996,0.0010244,5e-05
0.98454,1,2.7399e-05,0.0040995,0.0010245,5e-05
0.98501,1,2.7499e-05,0.0040995,0.0010246,5e-05
0.98537,1,2.7599e-05,0.0040995,0.0010247,5e-05
0.98573,1,2.7699e-05,0.0040994,0.0010248,5e-05
0.98609,1,2.7799e-05,0.0040994,0.0010249,5e-05
0.98645,1,2.7899e-05,0.0040993,0.001025,5e-05
0.98681,1,2.7999e-05,0.0040993,0.001025,5e-05
0.98716,1,2.8099e-05,0.0040992,0.0010251,5e-05
0.98752,1,2.8199e-05,0.0040992,0.0010252,5e-05
0.98788,1,2.8299e-05,0.0040991,0.0010253,5e-05
0.98824,1,2.8399e-05,0.0040991,0.0010254,5e-05
0.9886,1,2.8499e-05,0.0040991,0.0010255,5e-05
0.98896,1,2.8599e-05,0.004099,0.0010256,5e-05
0.98931,1,2.8699e-05,0.004099,0.0010257,5e-05
0.98962,1,2.8799e-05,0.0040989,0.0010258,5e-05
0.98989,1,2.8899e-05,0.0040989,0.0010258,5e-05
0.99015,1,2.8999e-05,0.0040988,0.0010259,5e-05
0.99041,1,2.9099e-05,0.0040988,0.001026,5e-05
0.99068,1,2.9199e-05,0.0040987,0.0010261,5e-05
0.99094,1,2.9299e-05,0.0040987,0.0010262,5e-05
0.9912,1,2.9399e-05,0.0040987,0.0010263,5e-05
0.99147,1,2.9499e-05,0.0040986,0.0010264,5e-05
0.99173,1,2.9599e-05,0.0040986,0.0010265,5e-05
0.99199,1,2.9699e-05,0.0040985,0.0010266,5e-05
0.99226,1,2.9799e-05,0.0040985,0.0010267,5e-05
0.99252,1,2.9899e-05,0.0040984,0.0010267,5e-05
0.99278,1,2.9999e-05,0.0040984,0.0010268,5e-05
0.99297,1,3.0099e-05,0.0040983,0.0010269,5e-05
0.99316,1,3.0199e-05,0.0040983,0.001027,5e-05
0.99335,1,3.0299e-05,0.0040983,0.0010271,5e-05
0.99354,1,3.0399e-05,0.0040982,0.0010272,5e-05
0.99373,1,3.0499e-05,0.0040982,0.0010273,5e-05
0.99391,1,3.0599e-05,0.0040981,0.0010274,5e-05
0.9941,1,3.0699e-05,0.0040981,0.0010275,5e-05
0.99429,1,3.0799e-05,0.004098,0.0010275,5e-05
0.99448,1,3.0899e-05,0.004098,0.0010276,5e-05
0.99467,1,3.0999e-05,0.0040979,0.0010277,5e-05
0.99486,1,3.1099e-05,0.0040979,0.0010278,5e-05
0.99505,1,3.1199e-05,0.0040978,0.0010279,5e-05
0.99521,1,3.1299e-05,0.0040978,0.001028,5e-05
0.99534,1,3.1399e-05,0.0040978,0.0010281,5e-05
0.99547,1,3.1499e-05,0.0040977,0.0010282,5e-05
0.99561,1,3.1599e-05,0.0040977,0.0010283,5e-05
0.99574,1,3.1699e-05,0.0040976,0.0010284,5e-05
0.99587,1,3.1799e-05,0.0040976,0.0010284,5e-05
0.996,1,3.1899e-05,0.0040975,0.0010285,5e-05
0.99613,1,3.1999e-05,0.0040975,0.0010286,5e-05
0.99627,1,3.2099e-05,0.0040974,0.0010287,5e-05
0.9964,1,3.2199e-05,0.0040974,0.0010288,5e-05
0.99653,1,3.2299e-05,0.0040974,0.0010289,5e-05
0.99666,1,3.2399e-05,0.0040973,0.001029,5e-05
0.9968,1,3.2499e-05,0.0040973,0.0010291,5e-05
0.99689,1,3.2599e-05,0.0040972,0.0010292,5e-05
0.99698,1,3.2699e-05,0.0040972,0.0010292,5e-05
0.99707,1,3.2799e-05,0.0040971,0.0010293,5e-05
0.99716,1,3.2899e-05,0.0040971,0.0010294,5e-05
0.99725,1,3.2999e-05,0.004097,0.0010295,5e-05
0.99734,1,3.3099e-05,0.004097,0.0010296,5e-05
0.99743,1,3.3199e-05,0.004097,0.0010297,5e-05
0.99752,1,3.3299e-05,0.0040969,0.0010298,5e-05
0.99761,1,3.3399e-05,0.0040969,0.0010299,5e-05
0.9977,1,3.3499e-05,0.0040968,0.00103,5e-05
0.99779,1,3.3599e-05,0.0040968,0.0010301,5e-05
0.99788,1,3.3699e-05,0.0040967,0.0010301,5e-05
0.99796,1,3.3799e-05,0.0040967,0.0010302,5e-05
0.99802,1,3.3899e-05,0.0040966,0.0010303,5e-05
0.99808,1,3.3999e-05,0.0040966,0.0010304,5e-05
0.99814,1,3.4099e-05,0.0040966,0.0010305,5e-05
0.9982,1,3.4199e-05,0.0040965,0.0010306,5e-05
0.99826,1,3.4299e-05,0.0040965,0.0010307,5e-05
0.99832,1,3.4399e-05,0.0040964,0.0010308,5e-05
0.99838,1,3.4499e-05,0.0040964,0.0010309,5e-05
0.99844,1,3.4599e-05,0.0040963,0.0010309,5e-05
0.9985,1,3.4699e-05,0.0040963,0.001031,5e-05
0.99857,1,3.4799e-05,0.0040962,0.0010311,5e-05
0.99863,1,3.4899e-05,0.0040962,0.0010312,5e-05
0.99869,1,3.4999e-05,0.0040961,0.0010313,5e-05
0.99873,1,3.5099e-05,0.0040961,0.0010314,5e-05
0.99877,1,3.5199e-05,0.0040961,0.0010315,5e-05
0.99881,1,3.5299e-05,0.004096,0.0010316,5e-05
0.99884,1,3.5399e-05,0.004096,0.0010317,5e-05
0.99888,1,3.5499e-05,0.0040959,0.0010318,5e-05
0.99892,1,3.5599e-05,0.0040959,0.0010318,5e-05
0.99896,1,3.5699e-05,0.0040958,0.0010319,5e-05
0.999,1,3.5799e-05,0.0040958,0.001032,5e-05
0.99904,1,3.5899e-05,0.0040957,0.0010321,5e-05
0.99908,1,3.5999e-05,0.0040957,0.0010322,5e-05
0.99912,1,3.6099e-05,0.0040957,0.0010323,5e-05
0.99916,1,3.6199e-05,0.0040956,0.0010324,5e-05
0.99919,1,3.6299e-05,0.0040956,0.0010325,5e-05
0.99922,1,3.6399e-05,0.0040955,0.0010326,5e-05
0.99925,1,3.6499e-05,0.0040955,0.0010326,5e-05
0.99927,1,3.6599e-05,0.0040954,0.0010327,5e-05
0.9993,1,3.6699e-05,0.0040954,0.0010328,5e-05
0.99932,1,3.6799e-05,0.0040953,0.0010329,5e-05
0.99935,1,3.6899e-05,0.0040953,0.001033,5e-05
0.99937,1,3.6999e-05,0.0040953,0.0010331,5e-05
0.9994,1,3.7099e-05,0.0040952,0.0010332,5e-05
0.99943,1,3.7199e-05,0.0040952,0.0010333,5e-05
0.99945,1,3.7299e-05,0.0040951,0.0010334,5e-05
0.99948,1,3.7399e-05,0.0040951,0.0010335,5e-05
0.9995,1,3.7499e-05,0.004095,0.0010335,5e-05
0.99952,1,3.7599e-05,0.004095,0.0010336,5e-05
0.99953,1,3.7699e-05,0.0040949,0.0010337,5e-05
0.99955,1,3.7799e-05,0.0040949,0.0010338,5e-05
0.99957,1,3.7899e-05,0.0040949,0.0010339,5e-05
0.99958,1,3.7999e-05,0.0040948,0.001034,5e-05
0.9996,1,3.8099e-05,0.0040948,0.0010341,5e-05
0.99962,1,3.8199e-05,0.0040947,0.0010342,5e-05
0.99963,1,3.8299e-05,0.0040947,0.0010343,5e-05
0.99965,1,3.8399e-05,0.0040946,0.0010343,5e-05
0.99966,1,3.8499e-05,0.0040946,0.0010344,5e-05
0.99968,1,3.8599e-05,0.0040945,0.0010345,5e-05
0.9997,1,3.8699e-05,0.0040945,0.0010346,5e-05
0.99971,1,3.8799e-05,0.0040944,0.0010347,5e-05
0.99972,1,3.8899e-05,0.0040944,0.0010348,5e-05
0.99973,1,3.8999e-05,0.0040944,0.0010349,5e-05
0.99974,1,3.9099e-05,0.0040943,0.001035,5e-05
0.99975,1,3.9199e-05,0.0040943,0.0010351,5e-05
0.99976,1,3.9299e-05,0.0040942,0.0010351,5e-05
0.99977,1,3.9399e-05,0.0040942,0.0010352,5e-05
0.99978,1,3.9499e-05,0.0040941,0.0010353,5e-05
0.99979,1,3.9599e-05,0.0040941,0.0010354,5e-05
0.9998,1,3.9699e-05,0.004094,0.0010355,5e-05
0.99981,1,3.9799e-05,0.004094,0.0010356,5e-05
0.99982,1,3.9899e-05,0.004094,0.0010357,5e-05
0.99983,1,3.9999e-05,0.0040939,0.0010358,5e-05
0.99983,1,4.0099e-05,0.0040939,0.0010359,5e-05
0.99984,1,4.0199e-05,0.0040938,0.001036,5e-05
0.99984,1,4.0299e-05,0.0040938,0.001036,5e-05
0.99985,1,4.0399e-05,0.0040937,0.0010361,5e-05
0.99986,1,4.0499e-05,0.0040937,0.0010362,5e-05
0.99986,1,4.0599e-05,0.0040936,0.0010363,5e-05
0.99987,1,4.0699e-05,0.0040936,0.0010364,5e-05
0.99987,1,4.0799e-05,0.0040936,0.0010365,5e-05
0.99988,1,4.0899e-05,0.0040935,0.0010366,5e-05
0.99989,1,4.0999e-05,0.0040935,0.0010367,5e-05
0.99989,1,4.1099e-05,0.0040934,0.0010368,5e-05
0.9999,1,4.1199e-05,0.0040934,0.0010368,5e-05
0.9999,1,4.1299e-05,0.0040933,0.0010369,5e-05
0.99991,1,4.1399e-05,0.0040933,0.001037,5e-05
0.99991,1,4.1499e-05,0.0040932,0.0010371,5e-05
0.99991,1,4.1599e-05,0.0040932,0.0010372,5e-05
0.99992,1,4.1699e-05,0.0040932,0.0010373,5e-05
0.99992,1,4.1799e-05,0.0040931,0.0010374,5e-05
0.99992,1,4.1899e-05,0.0040931,0.0010375,5e-05
0.99992,1,4.1999e-05,0.004093,0.0010376,5e-05
0.99993,1,4.2099e-05,0.004093,0.0010377,5e-05
0.99993,1,4.2199e-05,0.0040929,0.0010377,5e-05
0.99993,1,4.2299e-05,0.0040929,0.0010378,5e-05
0.99994,1,4.2399e-05,0.0040928,0.0010379,5e-05
0.99994,1,4.2499e-05,0.0040928,0.001038,5e-05
0.99994,1,4.2599e-05,0.0040927,0.0010381,5e-05
0.99995,1,4.2699e-05,0.0040927,0.0010382,5e-05
0.99995,1,4.2799e-05,0.0040927,0.0010383,5e-05
0.99995,1,4.2899e-05,0.0040926,0.0010384,5e-05
0.99995,1,4.2999e-05,0.0040926,0.0010385,5e-05
0.99995,1,4.3099e-05,0.0040925,0.0010385,5e-05
0.99995,1,4.3199e-05,0.0040925,0.0010386,5e-05
0.99996,1,4.3299e-05,0.0040924,0.0010387,5e-05
0.99996,1,4.3399e-05,0.0040924,0.0010388,5e-05
0.99996,1,4.3499e-05,0.0040923,0.0010389,5e-05
0.99996,1,4.3599e-05,0.0040923,0.001039,5e-05
0.99996,1,4.3699e-05,0.0040923,0.0010391,5e-05
0.99997,1,4.3799e-05,0.0040922,0.0010392,5e-05
0.99997,1,4.3899e-05,0.0040922,0.0010393,5e-05
0.99997,1,4.3998e-05,0.0040921,0.0010394,5e-05
0.99997,1,4.4099e-05,0.0040921,0.0010394,5e-05
0.99997,1,4.4198e-05,0.004092,0.0010395,5e-05
0.99997,1,4.4298e-05,0.004092,0.0010396,5e-05
0.99997,1,4.4399e-05,0.0040919,0.0010397,5e-05
0.99997,1,4.4499e-05,0.0040919,0.0010398,5e-05
0.99998,1,4.4599e-05,0.0040919,0.0010399,5e-05
0.99998,1,4.4699e-05,0.0040918,0.00104,5e-05
0.99998,1,4.4799e-05,0.0040918,0.0010401,5e-05
0.99998,1,4.4899e-05,0.0040917,0.0010402,5e-05
0.99998,1,4.4999e-05,0.0040917,0.0010402,5e-05
0.99998,1,4.5099e-05,0.0040916,0.0010403,5e-05
0.99998,1,4.5199e-05,0.0040916,0.0010404,5e-05
0.99998,1,4.5299e-05,0.0040915,0.0010405,5e-05
0.99998,1,4.5399e-05,0.0040915,0.0010406,5e-05
0.99998,1,4.5499e-05,0.0040915,0.0010407,5e-05
0.99999,1,4.5599e-05,0.0040914,0.0010408,5e-05
0.99999,1,4.5699e-05,0.0040914,0.0010409,5e-05
0.99999,1,4.5799e-05,0.0040913,0.001041,5e-05
0.99999,1,4.5899e-05,0.0040913,0.0010411,5e-05
0.99999,1,4.5998e-05,0.0040912,0.0010411,5e-05
0.99999,1,4.6098e-05,0.0040912,0.0010412,5e-05
0.99999,1,4.6199e-05,0.0040911,0.0010413,5e-05
0.99999,1,4.6298e-05,0.0040911,0.0010414,5e-05
0.99999,1,4.6398e-05,0.0040911,0.0010415,5e-05
0.99999,1,4.6499e-05,0.004091,0.0010416,5e-05
0.99999,1,4.6598e-05,0.004091,0.0010417,5e-05
0.99999,1,4.6698e-05,0.0040909,0.0010418,5e-05
0.99999,1,4.6798e-05,0.0040909,0.0010419,5e-05
0.99999,1,4.6898e-05,0.0040908,0.0010419,5e-05
0.99999,1,4.6998e-05,0.0040908,0.001042,5e-05
0.99999,1,4.7098e-05,0.0040907,0.0010421,5e-05
0.99999,1,4.7198e-05,0.0040907,0.0010422,5e-05
0.99999,1,4.7299e-05,0.0040906,0.0010423,5e-05
0.99999,1,4.7399e-05,0.0040906,0.0010424,5e-05
0.99999,1,4.7499e-05,0.0040906,0.0010425,5e-05
0.99999,1,4.7599e-05,0.0040905,0.0010426,5e-05
0.99999,1,4.7699e-05,0.0040905,0.0010427,5e-05
0.99999,1,4.7799e-05,0.0040904,0.0010428,5e-05
0.99999,1,4.7899e-05,0.0040904,0.0010428,5e-05
0.99999,1,4.7999e-05,0.0040903,0.0010429,5e-05
0.99999,1,4.8098e-05,0.0040903,0.001043,5e-05
0.99999,1,4.8198e-05,0.0040902,0.0010431,5e-05
0.99999,1,4.8299e-05,0.0040902,0.0010432,5e-05
1,1,4.8398e-05,0.0040902,0.0010433,5e-05
1,1,4.8498e-05,0.0040901,0.0010434,5e-05
1,1,4.8598e-05,0.0040901,0.0010435,5e-05
1,1,4.8698e-05,0.00409,0.0010436,5e-05
1,1,4.8798e-05,0.00409,0.0010436,5e-05
1,1,4.8898e-05,0.0040899,0.0010437,5e-05
1,1,4.8998e-05,0.0040899,0.0010438,5e-05
1,1,4.9098e-05,0.0040898,0.0010439,5e-05
1,1,4.9198e-05,0.0040898,0.001044,5e-05
1,1,4.9298e-05,0.0040898,0.0010441,5e-05
1,1,4.9398e-05,0.0040897,0.0010442,5e-05
1,1,4.9498e-05,0.0040897,0.0010443,5e-05
1,1,4.9598e-05,0.0040896,0.0010444,5e-05
1,1,4.9698e-05,0.0040896,0.0010445,5e-05
1,1,4.9798e-05,0.0040895,0.0010445,5e-05
1,1,4.9898e-05,0.0040895,0.0010446,5e-05
1,1,4.9998e-05,0.0040894,0.0010447,5e-05
1,1,5.0099e-05,0.0040894,0.0010448,5e-05
1,1,5.0198e-05,0.0040894,0.0010449,5e-05
1,1,5.0298e-05,0.0040893,0.001045,5e-05
1,1,5.0399e-05,0.0040893,0.0010451,5e-05
1,1,5.0498e-05,0.0040892,0.0010452,5e-05
1,1,5.0598e-05,0.0040892,0.0010453,5e-05
1,1,5.0698e-05,0.0040891,0.0010453,5e-05
1,1,5.0798e-05,0.0040891,0.0010454,5e-05
1,1,5.0898e-05,0.004089,0.0010455,5e-05
1,1,5.0998e-05,0.004089,0.0010456,5e-05
1,1,5.1098e-05,0.0040889,0.0010457,5e-05
1,1,5.1198e-05,0.0040889,0.0010458,5e-05
1,1,5.1298e-05,0.0040889,0.0010459,5e-05
1,1,5.1398e-05,0.0040888,0.001046,5e-05
1,1,5.1498e-05,0.0040888,0.0010461,5e-05
1,1,5.1598e-05,0.0040887,0.0010462,5e-05
1,1,5.1698e-05,0.0040887,0.0010462,5e-05
1,1,5.1798e-05,0.0040886,0.0010463,5e-05
1,1,5.1898e-05,0.0040886,0.0010464,5e-05
1,1,5.1998e-05,0.0040885,0.0010465,5e-05
1,1,5.2098e-05,0.0040885,0.0010466,5e-05
1,1,5.2198e-05,0.0040885,0.0010467,5e-05
1,1,5.2298e-05,0.0040884,0.0010468,5e-05
1,1,5.2398e-05,0.0040884,0.0010469,5e-05
1,1,5.2498e-05,0.0040883,0.001047,5e-05
1,1,5.2598e-05,0.0040883,0.001047,5e-05
1,1,5.2698e-05,0.0040882,0.0010471,5e-05
1,1,5.2798e-05,0.0040882,0.0010472,5e-05
1,1,5.2898e-05,0.0040881,0.0010473,5e-05
1,1,5.2998e-05,0.0040881,0.0010474,5e-05
1,1,5.3098e-05,0.0040881,0.0010475,5e-05
1,1,5.3198e-05,0.004088,0.0010476,5e-05
1,1,5.3298e-05,0.004088,0.0010477,5e-05
1,1,5.3398e-05,0.0040879,0.0010478,5e-05
1,1,5.3498e-05,0.0040879,0.0010479,5e-05
1,1,5.3598e-05,0.0040878,0.0010479,5e-05
1,1,5.3698e-05,0.0040878,0.001048,5e-05
1,1,5.3798e-05,0.0040877,0.0010481,5e-05
1,1,5.3898e-05,0.0040877,0.0010482,5e-05
1,1,5.3998e-05,0.0040877,0.0010483,5e-05
1,1,5.4098e-05,0.0040876,0.0010484,5e-05
1,1,5.4198e-05,0.0040876,0.0010485,5e-05
1,1,5.4298e-05,0.0040875,0.0010486,5e-05
1,1,5.4398e-05,0.0040875,0.0010487,5e-05
1,1,5.4498e-05,0.0040874,0.0010487,5e-05
1,1,5.4598e-05,0.0040874,0.0010488,5e-05
1,1,5.4698e-05,0.0040873,0.0010489,5e-05
1,1,5.4798e-05,0.0040873,0.001049,5e-05
1,1,5.4898e-05,0.0040872,0.0010491,5e-05
1,1,5.4998e-05,0.0040872,0.0010492,5e-05
1,1,5.5098e-05,0.0040872,0.0010493,5e-05
1,1,5.5198e-05,0.0040871,0.0010494,5e-05
1,1,5.5298e-05,0.0040871,0.0010495,5e-05
1,1,5.5398e-05,0.004087,0.0010495,5e-05
1,1,5.5498e-05,0.004087,0.0010496,5e-05
1,1,5.5598e-05,0.0040869,0.0010497,5e-05
1,1,5.5698e-05,0.0040869,0.0010498,5e-05
1,1,5.5798e-05,0.0040868,0.0010499,5e-05
1,1,5.5898e-05,0.0040868,0.00105,5e-05
1,1,5.5998e-05,0.0040868,0.0010501,5e-05
1,1,5.6098e-05,0.0040867,0.0010502,5e-05
1,1,5.6198e-05,0.0040867,0.0010503,5e-05
1,1,5.6298e-05,0.0040866,0.0010504,5e-05
1,1,5.6398e-05,0.0040866,0.0010504,5e-05
1,1,5.6498e-05,0.0040865,0.0010505,5e-05
1,1,5.6598e-05,0.0040865,0.0010506,5e-05
1,1,5.6698e-05,0.0040864,0.0010507,5e-05
1,1,5.6798e-05,0.0040864,0.0010508,5e-05
1,1,5.6898e-05,0.0040864,0.0010509,5e-05
1,1,5.6998e-05,0.0040863,0.001051,5e-05
1,1,5.7098e-05,0.0040863,0.0010511,5e-05
1,1,5.7198e-05,0.0040862,0.0010512,5e-05
1,1,5.7298e-05,0.0040862,0.0010512,5e-05
1,1,5.7398e-05,0.0040861,0.0010513,5e-05
1,1,5.7498e-05,0.0040861,0.0010514,5e-05
1,1,5.7598e-05,0.004086,0.0010515,5e-05
1,1,5.7698e-05,0.004086,0.0010516,5e-05
1,1,5.7798e-05,0.004086,0.0010517,5e-05
1,1,5.7898e-05,0.0040859,0.0010518,5e-05
1,1,5.7998e-05,0.0040859,0.0010519,5e-05
1,1,5.8098e-05,0.0040858,0.001052,5e-05
1,1,5.8198e-05,0.0040858,0.0010521,5e-05
1,1,5.8298e-05,0.0040857,0.0010521,5e-05
1,1,5.8398e-05,0.0040857,0.0010522,5e-05
1,1,5.8498e-05,0.0040856,0.0010523,5e-05
1,1,5.8598e-05,0.0040856,0.0010524,5e-05
1,1,5.8698e-05,0.0040855,0.0010525,5e-05
1,1,5.8798e-05,0.0040855,0.0010526,5e-05
1,1,5.8898e-05,0.0040855,0.0010527,5e-05
1,1,5.8998e-05,0.0040854,0.0010528,5e-05
1,1,5.9098e-05,0.0040854,0.0010529,5e-05
1,1,5.9198e-05,0.0040853,0.0010529,5e-05
1,1,5.9298e-05,0.0040853,0.001053,5e-05
1,1,5.9398e-05,0.0040852,0.0010531,5e-05
1,1,5.9498e-05,0.0040852,0.0010532,5e-05
1,1,5.9598e-05,0.0040851,0.0010533,5e-05
1,1,5.9698e-05,0.0040851,0.0010534,5e-05
1,1,5.9798e-05,0.0040851,0.0010535,5e-05
1,1,5.9898e-05,0.004085,0.0010536,5e-05
1,1,5.9998e-05,0.004085,0.0010537,5e-05
1,1,6.0098e-05,0.0040849,0.0010538,5e-05
1,1,6.0198e-05,0.0040849,0.0010538,5e-05
1,1,6.0298e-05,0.0040848,0.0010539,5e-05
1,1,6.0398e-05,0.0040848,0.001054,5e-05
1,1,6.0498e-05,0.0040847,0.0010541,5e-05
1,1,6.0598e-05,0.0040847,0.0010542,5e-05
1,1,6.0698e-05,0.0040847,0.0010543,5e-05
1,1,6.0798e-05,0.0040846,0.0010544,5e-05
1,1,6.0898e-05,0.0040846,0.0010545,5e-05
1,1,6.0998e-05,0.0040845,0.0010546,5e-05
1,1,6.1098e-05,0.0040845,0.0010546,5e-05
1,1,6.1198e-05,0.0040844,0.0010547,5e-05
1,1,6.1298e-05,0.0040844,0.0010548,5e-05
1,1,6.1398e-05,0.0040843,0.0010549,5e-05
1,1,6.1498e-05,0.0040843,0.001055,5e-05
1,1,6.1598e-05,0.0040843,0.0010551,5e-05
1,1,6.1698e-05,0.0040842,0.0010552,5e-05
1,1,6.1798e-05,0.0040842,0.0010553,5e-05
1,1,6.1898e-05,0.0040841,0.0010554,5e-05
1,1,6.1998e-05,0.0040841,0.0010555,5e-05
1,1,6.2098e-05,0.004084,0.0010555,5e-05
1,1,6.2198e-05,0.004084,0.0010556,5e-05
1,1,6.2298e-05,0.0040839,0.0010557,5e-05
1,1,6.2398e-05,0.0040839,0.0010558,5e-05
1,1,6.2498e-05,0.0040838,0.0010559,5e-05
1,1,6.2598e-05,0.0040838,0.001056,5e-05
1,1,6.2698e-05,0.0040838,0.0010561,5e-05
1,1,6.2798e-05,0.0040837,0.0010562,5e-05
1,1,6.2898e-05,0.0040837,0.0010563,5e-05
1,1,6.2998e-05,0.0040836,0.0010563,5e-05
1,1,6.3098e-05,0.0040836,0.0010564,5e-05
1,1,6.3198e-05,0.0040835,0.0010565,5e-05
1,1,6.3298e-05,0.0040835,0.0010566,5e-05
1,1,6.3398e-05,0.0040834,0.0010567,5e-05
1,1,6.3498e-05,0.0040834,0.0010568,5e-05
1,1,6.3598e-05,0.0040834,0.0010569,5e-05
1,1,6.3698e-05,0.0040833,0.001057,5e-05
1,1,6.3798e-05,0.0040833,0.0010571,5e-05
1,1,6.3898e-05,0.0040832,0.0010572,5e-05
1,1,6.3998e-05,0.0040832,0.0010572,5e-05
1,1,6.4098e-05,0.0040831,0.0010573,5e-05
1,1,6.4198e-05,0.0040831,0.0010574,5e-05
1,1,6.4298e-05,0.004083,0.0010575,5e-05
1,1,6.4398e-05,0.004083,0.0010576,5e-05
1,1,6.4498e-05,0.004083,0.0010577,5e-05
1,1,6.4598e-05,0.0040829,0.0010578,5e-05
1,1,6.4698e-05,0.0040829,0.0010579,5e-05
1,1,6.4798e-05,0.0040828,0.001058,5e-05
1,1,6.4898e-05,0.0040828,0.001058,5e-05
1,1,6.4998e-05,0.0040827,0.0010581,5e-05
1,1,6.5098e-05,0.0040827,0.0010582,5e-05
1,1,6.5198e-05,0.0040826,0.0010583,5e-05
1,1,6.5298e-05,0.0040826,0.0010584,5e-05
1,1,6.5398e-05,0.0040826,0.0010585,5e-05
1,1,6.5498e-05,0.0040825,0.0010586,5e-05
1,1,6.5598e-05,0.0040825,0.0010587,5e-05
1,1,6.5698e-05,0.0040824,0.0010588,5e-05
1,1,6.5798e-05,0.0040824,0.0010589,5e-05
1,1,6.5898e-05,0.0040823,0.0010589,5e-05
1,1,6.5998e-05,0.0040823,0.001059,5e-05
1,1,6.6098e-05,0.0040822,0.0010591,5e-05
1,1,6.6198e-05,0.0040822,0.0010592,5e-05
1,1,6.6298e-05,0.0040822,0.0010593,5e-05
1,1,6.6398e-05,0.0040821,0.0010594,5e-05
1,1,6.6498e-05,0.0040821,0.0010595,5e-05
1,1,6.6598e-05,0.004082,0.0010596,5e-05
1,1,6.6698e-05,0.004082,0.0010597,5e-05
1,1,6.6798e-05,0.0040819,0.0010597,5e-05
1,1,6.6898e-05,0.0040819,0.0010598,5e-05
1,1,6.6998e-05,0.0040818,0.0010599,5e-05
1,1,6.7098e-05,0.0040818,0.00106,5e-05
1,1,6.7198e-05,0.0040817,0.0010601,5e-05
1,1,6.7298e-05,0.0040817,0.0010602,5e-05
1,1,6.7398e-05,0.0040817,0.0010603,5e-05
1,1,6.7498e-05,0.0040816,0.0010604,5e-05
1,1,6.7598e-05,0.0040816,0.0010605,5e-05
1,1,6.7698e-05,0.0040815,0.0010606,5e-05
1,1,6.7798e-05,0.0040815,0.0010606,5e-05
1,1,6.7898e-05,0.0040814,0.0010607,5e-05
1,1,6.7998e-05,0.0040814,0.0010608,5e-05
1,1,6.8098e-05,0.0040813,0.0010609,5e-05
1,1,6.8198e-05,0.0040813,0.001061,5e-05
1,1,6.8298e-05,0.0040813,0.0010611,5e-05
1,1,6.8398e-05,0.0040812,0.0010612,5e-05
1,1,6.8498e-05,0.0040812,0.0010613,5e-05
1,1,6.8598e-05,0.0040811,0.0010614,5e-05
1,1,6.8698e-05,0.0040811,0.0010614,5e-05
1,1,6.8798e-05,0.004081,0.0010615,5e-05
1,1,6.8898e-05,0.004081,0.0010616,5e-05
1,1,6.8998e-05,0.0040809,0.0010617,5e-05
1,1,6.9098e-05,0.0040809,0.0010618,5e-05
1,1,6.9198e-05,0.0040809,0.0010619,5e-05
1,1,6.9298e-05,0.0040808,0.001062,5e-05
1,1,6.9398e-05,0.0040808,0.0010621,5e-05
1,1,6.9498e-05,0.0040807,0.0010622,5e-05
1,1,6.9598e-05,0.0040807,0.0010623,5e-05
1,1,6.9698e-05,0.0040806,0.0010623,5e-05
1,1,6.9798e-05,0.0040806,0.0010624,5e-05
1,1,6.9898e-05,0.0040805,0.0010625,5e-05
1,1,6.9998e-05,0.0040805,0.0010626,5e-05
1,1,7.0098e-05,0.0040805,0.0010627,5e-05
1,1,7.0198e-05,0.0040804,0.0010628,5e-05
1,1,7.0298e-05,0.0040804,0.0010629,5e-05
1,1,7.0398e-05,0.0040803,0.001063,5e-05
1,1,7.0498e-05,0.0040803,0.0010631,5e-05
1,1,7.0598e-05,0.0040802,0.0010631,5e-05
1,1,7.0698e-05,0.0040802,0.0010632,5e-05
1,1,7.0798e-05,0.0040801,0.0010633,5e-05
1,1,7.0898e-05,0.0040801,0.0010634,5e-05
1,1,7.0998e-05,0.00408,0.0010635,5e-05
1,1,7.1098e-05,0.00408,0.0010636,5e-05
1,1,7.1198e-05,0.00408,0.0010637,5e-05
1,1,7.1298e-05,0.0040799,0.0010638,5e-05
1,1,7.1398e-05,0.0040799,0.0010639,5e-05
1,1,7.1498e-05,0.0040798,0.0010639,5e-05
1,1,7.1598e-05,0.0040798,0.001064,5e-05
1,1,7.1698e-05,0.0040797,0.0010641,5e-05
1,1,7.1798e-05,0.0040797,0.0010642,5e-05
1,1,7.1898e-05,0.0040796,0.0010643,5e-05
1,1,7.1998e-05,0.0040796,0.0010644,5e-05
1,1,7.2098e-05,0.0040796,0.0010645,5e-05
1,1,7.2198e-05,0.0040795,0.0010646,5e-05
1,1,7.2298e-05,0.0040795,0.0010647,5e-05
1,1,7.2398e-05,0.0040794,0.0010648,5e-05
1,1,7.2498e-05,0.0040794,0.0010648,5e-05
1,1,7.2598e-05,0.0040793,0.0010649,5e-05
1,1,7.2698e-05,0.0040793,0.001065,5e-05
1,1,7.2798e-05,0.0040792,0.0010651,5e-05
1,1,7.2898e-05,0.0040792,0.0010652,5e-05
1,1,7.2998e-05,0.0040792,0.0010653,5e-05
1,1,7.3098e-05,0.0040791,0.0010654,5e-05
1,1,7.3198e-05,0.0040791,0.0010655,5e-05
1,1,7.3298e-05,0.004079,0.0010656,5e-05
1,1,7.3398e-05,0.004079,0.0010656,5e-05
1,1,7.3498e-05,0.0040789,0.0010657,5e-05
1,1,7.3598e-05,0.0040789,0.0010658,5e-05
1,1,7.3698e-05,0.0040788,0.0010659,5e-05
1,1,7.3798e-05,0.0040788,0.001066,5e-05
1,1,7.3898e-05,0.0040788,0.0010661,5e-05
1,1,7.3998e-05,0.0040787,0.0010662,5e-05
1,1,7.4098e-05,0.0040787,0.0010663,5e-05
1,1,7.4198e-05,0.0040786,0.0010664,5e-05
1,1,7.4298e-05,0.0040786,0.0010665,5e-05
1,1,7.4398e-05,0.0040785,0.0010665,5e-05
1,1,7.4498e-05,0.0040785,0.0010666,5e-05
1,1,7.4598e-05,0.0040784,0.0010667,5e-05
1,1,7.4698e-05,0.0040784,0.0010668,5e-05
1,1,7.4798e-05,0.0040783,0.0010669,5e-05
1,1,7.4898e-05,0.0040783,0.001067,5e-05
1,1,7.4998e-05,0.0040783,0.0010671,5e-05
1,1,7.5098e-05,0.0040782,0.0010672,5e-05
1,1,7.5198e-05,0.0040782,0.0010673,5e-05
1,1,7.5298e-05,0.0040781,0.0010673,5e-05
1,1,7.5398e-05,0.0040781,0.0010674,5e-05
1,1,7.5498e-05,0.004078,0.0010675,5e-05
1,1,7.5598e-05,0.004078,0.0010676,5e-05
1,1,7.5698e-05,0.0040779,0.0010677,5e-05
1,1,7.5798e-05,0.0040779,0.0010678,5e-05
1,1,7.5898e-05,0.0040779,0.0010679,5e-05
1,1,7.5998e-05,0.0040778,0.001068,5e-05
1,1,7.6098e-05,0.0040778,0.0010681,5e-05
1,1,7.6198e-05,0.0040777,0.0010682,5e-05
1,1,7.6298e-05,0.0040777,0.0010682,5e-05
1,1,7.6398e-05,0.0040776,0.0010683,5e-05
1,1,7.6498e-05,0.0040776,0.0010684,5e-05
1,1,7.6598e-05,0.0040775,0.0010685,5e-05
1,1,7.6698e-05,0.0040775,0.0010686,5e-05
1,1,7.6798e-05,0.0040775,0.0010687,5e-05
1,1,7.6898e-05,0.0040774,0.0010688,5e-05
1,1,7.6998e-05,0.0040774,0.0010689,5e-05
1,1,7.7098e-05,0.0040773,0.001069,5e-05
1,1,7.7198e-05,0.0040773,0.001069,5e-05
1,1,7.7298e-05,0.0040772,0.0010691,5e-05
1,1,7.7398e-05,0.0040772,0.0010692,5e-05
1,1,7.7497e-05,0.0040771,0.0010693,5e-05
1,1,7.7598e-05,0.0040771,0.0010694,5e-05
1,1,7.7697e-05,0.0040771,0.0010695,5e-05
1,1,7.7797e-05,0.004077,0.0010696,5e-05
1,1,7.7898e-05,0.004077,0.0010697,5e-05
1,1,7.7997e-05,0.0040769,0.0010698,5e-05
1,1,7.8097e-05,0.0040769,0.0010699,5e-05
1,1,7.8197e-05,0.0040768,0.0010699,5e-05
1,1,7.8298e-05,0.0040768,0.00107,5e-05
1,1,7.8398e-05,0.0040767,0.0010701,5e-05
1,1,7.8498e-05,0.0040767,0.0010702,5e-05
1,1,7.8598e-05,0.0040766,0.0010703,5e-05
1,1,7.8698e-05,0.0040766,0.0010704,5e-05
1,1,7.8798e-05,0.0040766,0.0010705,5e-05
1,1,7.8898e-05,0.0040765,0.0010706,5e-05
1,1,7.8998e-05,0.0040765,0.0010707,5e-05
1,1,7.9098e-05,0.0040764,0.0010707,5e-05
1,1,7.9198e-05,0.0040764,0.0010708,5e-05
1,1,7.9298e-05,0.0040763,0.0010709,5e-05
1,1,7.9398e-05,0.0040763,0.001071,5e-05
1,1,7.9498e-05,0.0040762,0.0010711,5e-05
1,1,7.9597e-05,0.0040762,0.0010712,5e-05
1,1,7.9698e-05,0.0040762,0.0010713,5e-05
1,1,7.9797e-05,0.0040761,0.0010714,5e-05
1,1,7.9897e-05,0.0040761,0.0010715,5e-05
1,1,7.9998e-05,0.004076,0.0010716,5e-05
1,1,8.0097e-05,0.004076,0.0010716,5e-05
1,1,8.0197e-05,0.0040759,0.0010717,5e-05
1,1,8.0297e-05,0.0040759,0.0010718,5e-05
1,1,8.0397e-05,0.0040758,0.0010719,5e-05
1,1,8.0497e-05,0.0040758,0.001072,5e-05
1,1,8.0597e-05,0.0040758,0.0010721,5e-05
1,1,8.0697e-05,0.0040757,0.0010722,5e-05
1,1,8.0797e-05,0.0040757,0.0010723,5e-05
1,1,8.0897e-05,0.0040756,0.0010724,5e-05
1,1,8.0997e-05,0.0040756,0.0010724,5e-05
1,1,8.1098e-05,0.0040755,0.0010725,5e-05
1,1,8.1198e-05,0.0040755,0.0010726,5e-05
1,1,8.1298e-05,0.0040754,0.0010727,5e-05
1,1,8.1398e-05,0.0040754,0.0010728,5e-05
1,1,8.1498e-05,0.0040754,0.0010729,5e-05
1,1,8.1597e-05,0.0040753,0.001073,5e-05
1,1,8.1697e-05,0.0040753,0.0010731,5e-05
1,1,8.1798e-05,0.0040752,0.0010732,5e-05
1,1,8.1897e-05,0.0040752,0.0010733,5e-05
1,1,8.1997e-05,0.0040751,0.0010733,5e-05
1,1,8.2098e-05,0.0040751,0.0010734,5e-05
1,1,8.2197e-05,0.004075,0.0010735,5e-05
1,1,8.2297e-05,0.004075,0.0010736,5e-05
1,1,8.2397e-05,0.004075,0.0010737,5e-05
1,1,8.2497e-05,0.0040749,0.0010738,5e-05
1,1,8.2597e-05,0.0040749,0.0010739,5e-05
1,1,8.2697e-05,0.0040748,0.001074,5e-05
1,1,8.2797e-05,0.0040748,0.0010741,5e-05
1,1,8.2897e-05,0.0040747,0.0010741,5e-05
1,1,8.2997e-05,0.0040747,0.0010742,5e-05
1,1,8.3097e-05,0.0040746,0.0010743,5e-05
1,1,8.3197e-05,0.0040746,0.0010744,5e-05
1,1,8.3297e-05,0.0040745,0.0010745,5e-05
1,1,8.3397e-05,0.0040745,0.0010746,5e-05
1,1,8.3497e-05,0.0040745,0.0010747,5e-05
1,1,8.3597e-05,0.0040744,0.0010748,5e-05
1,1,8.3697e-05,0.0040744,0.0010749,5e-05
1,1,8.3797e-05,0.0040743,0.001075,5e-05
1,1,8.3897e-05,0.0040743,0.001075,5e-05
1,1,8.3997e-05,0.0040742,0.0010751,5e-05
1,1,8.4097e-05,0.0040742,0.0010752,5e-05
1,1,8.4198e-05,0.0040741,0.0010753,5e-05
1,1,8.4297e-05,0.0040741,0.0010754,5e-05
1,1,8.4397e-05,0.0040741,0.0010755,5e-05
1,1,8.4497e-05,0.004074,0.0010756,5e-05
1,1,8.4597e-05,0.004074,0.0010757,5e-05
1,1,8.4697e-05,0.0040739,0.0010758,5e-05
1,1,8.4797e-05,0.0040739,0.0010758,5e-05
1,1,8.4897e-05,0.0040738,0.0010759,5e-05
1,1,8.4997e-05,0.0040738,0.001076,5e-05
1,1,8.5097e-05,0.0040737,0.0010761,5e-05
1,1,8.5197e-05,0.0040737,0.0010762,5e-05
1,1,8.5297e-05,0.0040737,0.0010763,5e-05
1,1,8.5397e-05,0.0040736,0.0010764,5e-05
1,1,8.5497e-05,0.0040736,0.0010765,5e-05
1,1,8.5597e-05,0.0040735,0.0010766,5e-05
1,1,8.5697e-05,0.0040735,0.0010767,5e-05
1,1,8.5797e-05,0.0040734,0.0010767,5e-05
1,1,8.5897e-05,0.0040734,0.0010768,5e-05
1,1,8.5997e-05,0.0040733,0.0010769,5e-05
1,1,8.6097e-05,0.0040733,0.001077,5e-05
1,1,8.6197e-05,0.0040733,0.0010771,5e-05
1,1,8.6297e-05,0.0040732,0.0010772,5e-05
1,1,8.6397e-05,0.0040732,0.0010773,5e-05
1,1,8.6497e-05,0.0040731,0.0010774,5e-05
1,1,8.6597e-05,0.0040731,0.0010775,5e-05
1,1,8.6697e-05,0.004073,0.0010775,5e-05
1,1,8.6797e-05,0.004073,0.0010776,5e-05
1,1,8.6897e-05,0.0040729,0.0010777,5e-05
1,1,8.6997e-05,0.0040729,0.0010778,5e-05
1,1,8.7097e-05,0.0040728,0.0010779,5e-05
1,1,8.7197e-05,0.0040728,0.001078,5e-05
1,1,8.7297e-05,0.0040728,0.0010781,5e-05
1,1,8.7397e-05,0.0040727,0.0010782,5e-05
1,1,8.7497e-05,0.0040727,0.0010783,5e-05
1,1,8.7597e-05,0.0040726,0.0010783,5e-05
1,1,8.7697e-05,0.0040726,0.0010784,5e-05
1,1,8.7797e-05,0.0040725,0.0010785,5e-05
1,1,8.7897e-05,0.0040725,0.0010786,5e-05
1,1,8.7997e-05,0.0040724,0.0010787,5e-05
1,1,8.8097e-05,0.0040724,0.0010788,5e-05
1,1,8.8197e-05,0.0040724,0.0010789,5e-05
1,1,8.8297e-05,0.0040723,0.001079,5e-05
1,1,8.8397e-05,0.0040723,0.0010791,5e-05
1,1,8.8497e-05,0.0040722,0.0010792,5e-05
1,1,8.8597e-05,0.0040722,0.0010792,5e-05
1,1,8.8697e-05,0.0040721,0.0010793,5e-05
1,1,8.8797e-05,0.0040721,0.0010794,5e-05
1,1,8.8897e-05,0.004072,0.0010795,5e-05
1,1,8.8997e-05,0.004072,0.0010796,5e-05
1,1,8.9097e-05,0.004072,0.0010797,5e-05
1,1,8.9197e-05,0.0040719,0.0010798,5e-05
1,1,8.9297e-05,0.0040719,0.0010799,5e-05
1,1,8.9397e-05,0.0040718,0.00108,5e-05
1,1,8.9497e-05,0.0040718,0.00108,5e-05
1,1,8.9597e-05,0.0040717,0.0010801,5e-05
1,1,8.9697e-05,0.0040717,0.0010802,5e-05
1,1,8.9797e-05,0.0040716,0.0010803,5e-05
1,1,8.9897e-05,0.0040716,0.0010804,5e-05
1,1,8.9997e-05,0.0040716,0.0010805,5e-05
1,1,9.0097e-05,0.0040715,0.0010806,5e-05
1,1,9.0197e-05,0.0040715,0.0010807,5e-05
1,1,9.0297e-05,0.0040714,0.0010808,5e-05
1,1,9.0397e-05,0.0040714,0.0010809,5e-05
1,1,9.0497e-05,0.0040713,0.0010809,5e-05
1,1,9.0597e-05,0.0040713,0.001081,5e-05
1,1,9.0697e-05,0.0040712,0.0010811,5e-05
1,1,9.0797e-05,0.0040712,0.0010812,5e-05
1,1,9.0897e-05,0.0040711,0.0010813,5e-05
1,1,9.0997e-05,0.0040711,0.0010814,5e-05
1,1,9.1097e-05,0.0040711,0.0010815,5e-05
1,1,9.1197e-05,0.004071,0.0010816,5e-05
1,1,9.1297e-05,0.004071,0.0010817,5e-05
1,1,9.1397e-05,0.0040709,0.0010817,5e-05
1,1,9.1497e-05,0.0040709,0.0010818,5e-05
1,1,9.1597e-05,0.0040708,0.0010819,5e-05
1,1,9.1697e-05,0.0040708,0.001082,5e-05
1,1,9.1797e-05,0.0040707,0.0010821,5e-05
1,1,9.1897e-05,0.0040707,0.0010822,5e-05
1,1,9.1997e-05,0.0040707,0.0010823,5e-05
1,1,9.2097e-05,0.0040706,0.0010824,5e-05
1,1,9.2197e-05,0.0040706,0.0010825,5e-05
1,1,9.2297e-05,0.0040705,0.0010826,5e-05
1,1,9.2397e-05,0.0040705,0.0010826,5e-05
1,1,9.2497e-05,0.0040704,0.0010827,5e-05
1,1,9.2597e-05,0.0040704,0.0010828,5e-05
1,1,9.2697e-05,0.0040703,0.0010829,5e-05
1,1,9.2797e-05,0.0040703,0.001083,5e-05
1,1,9.2897e-05,0.0040703,0.0010831,5e-05
1,1,9.2997e-05,0.0040702,0.0010832,5e-05
1,1,9.3097e-05,0.0040702,0.0010833,5e-05
1,1,9.3197e-05,0.0040701,0.0010834,5e-05
1,1,9.3297e-05,0.0040701,0.0010834,5e-05
1,1,9.3397e-05,0.00407,0.0010835,5e-05
1,1,9.3497e-05,0.00407,0.0010836,5e-05
1,1,9.3597e-05,0.0040699,0.0010837,5e-05
1,1,9.3697e-05,0.0040699,0.0010838,5e-05
1,1,9.3797e-05,0.0040699,0.0010839,5e-05
1,1,9.3897e-05,0.0040698,0.001084,5e-05
1,1,9.3997e-05,0.0040698,0.0010841,5e-05
1,1,9.4097e-05,0.0040697,0.0010842,5e-05
1,1,9.4197e-05,0.0040697,0.0010843,5e-05
1,1,9.4297e-05,0.0040696,0.0010843,5e-05
1,1,9.4397e-05,0.0040696,0.0010844,5e-05
1,1,9.4497e-05,0.0040695,0.0010845,5e-05
1,1,9.4597e-05,0.0040695,0.0010846,5e-05
1,1,9.4697e-05,0.0040695,0.0010847,5e-05
1,1,9.4797e-05,0.0040694,0.0010848,5e-05
1,1,9.4897e-05,0.0040694,0.0010849,5e-05
1,1,9.4997e-05,0.0040693,0.001085,5e-05
1,1,9.5097e-05,0.0040693,0.0010851,5e-05
1,1,9.5197e-05,0.0040692,0.0010851,5e-05
1,1,9.5297e-05,0.0040692,0.0010852,5e-05
1,1,9.5397e-05,0.0040691,0.0010853,5e-05
1,1,9.5497e-05,0.0040691,0.0010854,5e-05
1,1,9.5597e-05,0.004069,0.0010855,5e-05
1,1,9.5697e-05,0.004069,0.0010856,5e-05
1,1,9.5797e-05,0.004069,0.0010857,5e-05
1,1,9.5897e-05,0.0040689,0.0010858,5e-05
1,1,9.5997e-05,0.0040689,0.0010859,5e-05
1,1,9.6097e-05,0.0040688,0.001086,5e-05
1,1,9.6197e-05,0.0040688,0.001086,5e-05
1,1,9.6297e-05,0.0040687,0.0010861,5e-05
1,1,9.6397e-05,0.0040687,0.0010862,5e-05
1,1,9.6497e-05,0.0040686,0.0010863,5e-05
1,1,9.6597e-05,0.0040686,0.0010864,5e-05
1,1,9.6697e-05,0.0040686,0.0010865,5e-05
1,1,9.6797e-05,0.0040685,0.0010866,5e-05
1,1,9.6897e-05,0.0040685,0.0010867,5e-05
1,1,9.6997e-05,0.0040684,0.0010868,5e-05
1,1,9.7097e-05,0.0040684,0.0010868,5e-05
1,1,9.7197e-05,0.0040683,0.0010869,5e-05
1,1,9.7297e-05,0.0040683,0.001087,5e-05
1,1,9.7397e-05,0.0040682,0.0010871,5e-05
1,1,9.7497e-05,0.0040682,0.0010872,5e-05
1,1,9.7597e-05,0.0040682,0.0010873,5e-05
1,1,9.7697e-05,0.0040681,0.0010874,5e-05
1,1,9.7797e-05,0.0040681,0.0010875,5e-05
1,1,9.7897e-05,0.004068,0.0010876,5e-05
1,1,9.7997e-05,0.004068,0.0010877,5e-05
1,1,9.8097e-05,0.0040679,0.0010877,5e-05
1,1,9.8197e-05,0.0040679,0.0010878,5e-05
1,1,9.8297e-05,0.0040678,0.0010879,5e-05
1,1,9.8397e-05,0.0040678,0.001088,5e-05
1,1,9.8497e-05,0.0040678,0.0010881,5e-05
1,1,9.8597e-05,0.0040677,0.0010882,5e-05
1,1,9.8697e-05,0.0040677,0.0010883,5e-05
1,1,9.8797e-05,0.0040676,0.0010884,5e-05
1,1,9.8897e-05,0.0040676,0.0010885,5e-05
1,1,9.8997e-05,0.0040675,0.0010885,5e-05
1,1,9.9097e-05,0.0040675,0.0010886,5e-05
1,1,9.9197e-05,0.0040674,0.0010887,5e-05
1,1,9.9297e-05,0.0040674,0.0010888,5e-05
1,1,9.9397e-05,0.0040673,0.0010889,5e-05
1,1,9.9497e-05,0.0040673,0.001089,5e-05
1,1,9.9597e-05,0.0040673,0.0010891,5e-05
1,1,9.9697e-05,0.0040672,0.0010892,5e-05
1,1,9.9797e-05,0.0040672,0.0010893,5e-05
1,1,9.9897e-05,0.0040671,0.0010894,5e-05
1,1,9.9997e-05,0.0040671,0.0010894,5e-05
