"U:0","U:1","U:2","vtkValidPointMask","arc_length","Points:0","Points:1","Points:2"
-1.8141e-12,1.9747e-05,0,1,0,0.00205,0.004,5e-05
-2.4813e-12,2.4413e-05,0,1,1.0012e-07,0.0020499,0.004,5e-05
-3.1469e-12,2.9067e-05,0,1,2e-07,0.0020498,0.004,5e-05
-3.814e-12,3.3733e-05,0,1,3.0012e-07,0.0020497,0.004,5e-05
-4.4796e-12,3.8387e-05,0,1,4e-07,0.0020496,0.004,5e-05
-5.1467e-12,4.3053e-05,0,1,5.0012e-07,0.0020495,0.004,5e-05
-5.8123e-12,4.7707e-05,0,1,6e-07,0.0020494,0.004,5e-05
-6.4795e-12,5.2373e-05,0,1,7.0012e-07,0.0020493,0.004,5e-05
-7.1451e-12,5.7028e-05,0,1,8.0001e-07,0.0020492,0.004,5e-05
-7.8122e-12,6.1693e-05,0,1,9.0012e-07,0.0020491,0.004,5e-05
-8.4778e-12,6.6348e-05,0,1,1e-06,0.002049,0.004,5e-05
-9.1449e-12,7.1013e-05,0,1,1.1001e-06,0.0020489,0.004,5e-05
-9.8105e-12,7.5668e-05,0,1,1.2e-06,0.0020488,0.004,5e-05
-1.0727e-11,8.1046e-05,0,1,1.3001e-06,0.0020487,0.004,5e-05
-1.1889e-11,8.7121e-05,0,1,1.4e-06,0.0020486,0.004,5e-05
-1.3052e-11,9.3197e-05,0,1,1.4999e-06,0.0020485,0.004,5e-05
-1.4217e-11,9.9287e-05,0,1,1.6e-06,0.0020484,0.004,5e-05
-1.5379e-11,0.00010536,0,1,1.6999e-06,0.0020483,0.004,5e-05
-1.6544e-11,0.00011145,0,1,1.8e-06,0.0020482,0.004,5e-05
-1.7707e-11,0.00011753,0,1,1.8999e-06,0.0020481,0.004,5e-05
-1.8872e-11,0.00012362,0,1,2e-06,0.002048,0.004,5e-05
-2.0034e-11,0.00012969,0,1,2.0999e-06,0.0020479,0.004,5e-05
-2.12e-11,0.00013578,0,1,2.2e-06,0.0020478,0.004,5e-05
-2.2362e-11,0.00014186,0,1,2.2999e-06,0.0020477,0.004,5e-05
-2.3527e-11,0.00014795,0,1,2.4e-06,0.0020476,0.004,5e-05
-2.469e-11,0.00015403,0,1,2.4999e-06,0.0020475,0.004,5e-05
-2.6029e-11,0.00015996,0,1,2.6e-06,0.0020474,0.004,5e-05
-2.7365e-11,0.00016587,0,1,2.6999e-06,0.0020473,0.004,5e-05
-2.8704e-11,0.0001718,0,1,2.8e-06,0.0020472,0.004,5e-05
-3.004e-11,0.00017772,0,1,2.8999e-06,0.0020471,0.004,5e-05
-3.1379e-11,0.00018365,0,1,3e-06,0.002047,0.004,5e-05
-3.2715e-11,0.00018957,0,1,3.0999e-06,0.0020469,0.004,5e-05
-3.4054e-11,0.0001955,0,1,3.2e-06,0.0020468,0.004,5e-05
-3.539e-11,0.00020142,0,1,3.2999e-06,0.0020467,0.004,5e-05
-3.6729e-11,0.00020735,0,1,3.4e-06,0.0020466,0.004,5e-05
-3.8065e-11,0.00021326,0,1,3.4999e-06,0.0020465,0.004,5e-05
-3.9404e-11,0.00021919,0,1,3.6e-06,0.0020464,0.004,5e-05
-4.074e-11,0.00022511,0,1,3.6999e-06,0.0020463,0.004,5e-05
-4.2107e-11,0.00023096,0,1,3.8e-06,0.0020462,0.004,5e-05
-4.35e-11,0.00023672,0,1,3.8999e-06,0.0020461,0.004,5e-05
-4.4896e-11,0.00024249,0,1,4e-06,0.002046,0.004,5e-05
-4.6289e-11,0.00024825,0,1,4.0999e-06,0.0020459,0.004,5e-05
-4.7685e-11,0.00025403,0,1,4.2e-06,0.0020458,0.004,5e-05
-4.9077e-11,0.00025978,0,1,4.2999e-06,0.0020457,0.004,5e-05
-5.0473e-11,0.00026556,0,1,4.4e-06,0.0020456,0.004,5e-05
-5.1866e-11,0.00027132,0,1,4.4999e-06,0.0020455,0.004,5e-05
-5.3262e-11,0.00027709,0,1,4.6e-06,0.0020454,0.004,5e-05
-5.4655e-11,0.00028285,0,1,4.6999e-06,0.0020453,0.004,5e-05
-5.6051e-11,0.00028862,0,1,4.8e-06,0.0020452,0.004,5e-05
-5.7443e-11,0.00029438,0,1,4.8999e-06,0.0020451,0.004,5e-05
-5.8839e-11,0.00030015,0,1,5e-06,0.002045,0.004,5e-05
-6.0221e-11,0.00030575,0,1,5.0999e-06,0.0020449,0.004,5e-05
-6.1606e-11,0.00031137,0,1,5.2e-06,0.0020448,0.004,5e-05
-6.2987e-11,0.00031697,0,1,5.2999e-06,0.0020447,0.004,5e-05
-6.4372e-11,0.00032258,0,1,5.4e-06,0.0020446,0.004,5e-05
-6.5754e-11,0.00032818,0,1,5.4999e-06,0.0020445,0.004,5e-05
-6.7138e-11,0.0003338,0,1,5.6e-06,0.0020444,0.004,5e-05
-6.852e-11,0.0003394,0,1,5.6999e-06,0.0020443,0.004,5e-05
-6.9905e-11,0.00034501,0,1,5.8e-06,0.0020442,0.004,5e-05
-7.1286e-11,0.00035061,0,1,5.8999e-06,0.0020441,0.004,5e-05
-7.2671e-11,0.00035623,0,1,6e-06,0.002044,0.004,5e-05
-7.4052e-11,0.00036183,0,1,6.0999e-06,0.0020439,0.004,5e-05
-7.5437e-11,0.00036744,0,1,6.2e-06,0.0020438,0.004,5e-05
-7.6798e-11,0.00037297,0,1,6.2999e-06,0.0020437,0.004,5e-05
-7.8141e-11,0.00037842,0,1,6.4e-06,0.0020436,0.004,5e-05
-7.9481e-11,0.00038387,0,1,6.4999e-06,0.0020435,0.004,5e-05
-8.0824e-11,0.00038933,0,1,6.6001e-06,0.0020434,0.004,5e-05
-8.2164e-11,0.00039477,0,1,6.6999e-06,0.0020433,0.004,5e-05
-8.3507e-11,0.00040023,0,1,6.8001e-06,0.0020432,0.004,5e-05
-8.4847e-11,0.00040567,0,1,6.8999e-06,0.0020431,0.004,5e-05
-8.619e-11,0.00041113,0,1,7.0001e-06,0.002043,0.004,5e-05
-8.7529e-11,0.00041657,0,1,7.0999e-06,0.0020429,0.004,5e-05
-8.8872e-11,0.00042203,0,1,7.2001e-06,0.0020428,0.004,5e-05
-9.0212e-11,0.00042747,0,1,7.2999e-06,0.0020427,0.004,5e-05
-9.1555e-11,0.00043293,0,1,7.4001e-06,0.0020426,0.004,5e-05
-9.2895e-11,0.00043838,0,1,7.4999e-06,0.0020425,0.004,5e-05
-9.4177e-11,0.00044367,0,1,7.6001e-06,0.0020424,0.004,5e-05
-9.5455e-11,0.00044896,0,1,7.6999e-06,0.0020423,0.004,5e-05
-9.6737e-11,0.00045426,0,1,7.8001e-06,0.0020422,0.004,5e-05
-9.8015e-11,0.00045954,0,1,7.8999e-06,0.0020421,0.004,5e-05
-9.9297e-11,0.00046484,0,1,8.0001e-06,0.002042,0.004,5e-05
-1.0058e-10,0.00047013,0,1,8.0999e-06,0.0020419,0.004,5e-05
-1.0186e-10,0.00047542,0,1,8.2001e-06,0.0020418,0.004,5e-05
-1.0313e-10,0.00048071,0,1,8.2999e-06,0.0020417,0.004,5e-05
-1.0442e-10,0.00048601,0,1,8.4001e-06,0.0020416,0.004,5e-05
-1.0569e-10,0.00049129,0,1,8.4999e-06,0.0020415,0.004,5e-05
-1.0698e-10,0.00049659,0,1,8.6001e-06,0.0020414,0.004,5e-05
-1.0825e-10,0.00050188,0,1,8.6999e-06,0.0020413,0.004,5e-05
-1.095e-10,0.0005071,0,1,8.8001e-06,0.0020412,0.004,5e-05
-1.107e-10,0.00051222,0,1,8.9e-06,0.0020411,0.004,5e-05
-1.1191e-10,0.00051736,0,1,9.0001e-06,0.002041,0.004,5e-05
-1.1311e-10,0.00052249,0,1,9.1e-06,0.0020409,0.004,5e-05
-1.1432e-10,0.00052763,0,1,9.2001e-06,0.0020408,0.004,5e-05
-1.1552e-10,0.00053276,0,1,9.3e-06,0.0020407,0.004,5e-05
-1.1673e-10,0.0005379,0,1,9.4001e-06,0.0020406,0.004,5e-05
-1.1793e-10,0.00054303,0,1,9.5e-06,0.0020405,0.004,5e-05
-1.1914e-10,0.00054817,0,1,9.6001e-06,0.0020404,0.004,5e-05
-1.2034e-10,0.00055329,0,1,9.7e-06,0.0020403,0.004,5e-05
-1.2154e-10,0.00055843,0,1,9.8001e-06,0.0020402,0.004,5e-05
-1.2275e-10,0.00056356,0,1,9.9e-06,0.0020401,0.004,5e-05
-1.2395e-10,0.0005687,0,1,1e-05,0.00204,0.004,5e-05
-1.2507e-10,0.00057367,0,1,1.01e-05,0.0020399,0.004,5e-05
-1.2619e-10,0.00057865,0,1,1.02e-05,0.0020398,0.004,5e-05
-1.2731e-10,0.00058362,0,1,1.03e-05,0.0020397,0.004,5e-05
-1.2843e-10,0.00058861,0,1,1.04e-05,0.0020396,0.004,5e-05
-1.2955e-10,0.00059358,0,1,1.05e-05,0.0020395,0.004,5e-05
-1.3067e-10,0.00059856,0,1,1.06e-05,0.0020394,0.004,5e-05
-1.3178e-10,0.00060353,0,1,1.07e-05,0.0020393,0.004,5e-05
-1.329e-10,0.00060851,0,1,1.08e-05,0.0020392,0.004,5e-05
-1.3402e-10,0.00061348,0,1,1.09e-05,0.0020391,0.004,5e-05
-1.3514e-10,0.00061847,0,1,1.1e-05,0.002039,0.004,5e-05
-1.3626e-10,0.00062344,0,1,1.11e-05,0.0020389,0.004,5e-05
-1.3738e-10,0.00062842,0,1,1.12e-05,0.0020388,0.004,5e-05
-1.3845e-10,0.00063331,0,1,1.13e-05,0.0020387,0.004,5e-05
-1.3947e-10,0.00063814,0,1,1.14e-05,0.0020386,0.004,5e-05
-1.405e-10,0.00064295,0,1,1.15e-05,0.0020385,0.004,5e-05
-1.4152e-10,0.00064777,0,1,1.16e-05,0.0020384,0.004,5e-05
-1.4255e-10,0.00065258,0,1,1.17e-05,0.0020383,0.004,5e-05
-1.4357e-10,0.00065741,0,1,1.18e-05,0.0020382,0.004,5e-05
-1.4459e-10,0.00066222,0,1,1.19e-05,0.0020381,0.004,5e-05
-1.4562e-10,0.00066704,0,1,1.2e-05,0.002038,0.004,5e-05
-1.4664e-10,0.00067185,0,1,1.21e-05,0.0020379,0.004,5e-05
-1.4767e-10,0.00067668,0,1,1.22e-05,0.0020378,0.004,5e-05
-1.4869e-10,0.00068149,0,1,1.23e-05,0.0020377,0.004,5e-05
-1.4972e-10,0.00068631,0,1,1.24e-05,0.0020376,0.004,5e-05
-1.5074e-10,0.00069113,0,1,1.25e-05,0.0020375,0.004,5e-05
-1.5166e-10,0.00069579,0,1,1.26e-05,0.0020374,0.004,5e-05
-1.5259e-10,0.00070044,0,1,1.27e-05,0.0020373,0.004,5e-05
-1.5351e-10,0.00070511,0,1,1.28e-05,0.0020372,0.004,5e-05
-1.5444e-10,0.00070976,0,1,1.29e-05,0.0020371,0.004,5e-05
-1.5536e-10,0.00071443,0,1,1.3e-05,0.002037,0.004,5e-05
-1.5628e-10,0.00071908,0,1,1.31e-05,0.0020369,0.004,5e-05
-1.5721e-10,0.00072375,0,1,1.32e-05,0.0020368,0.004,5e-05
-1.5813e-10,0.0007284,0,1,1.33e-05,0.0020367,0.004,5e-05
-1.5906e-10,0.00073307,0,1,1.34e-05,0.0020366,0.004,5e-05
-1.5998e-10,0.00073772,0,1,1.35e-05,0.0020365,0.004,5e-05
-1.6091e-10,0.00074239,0,1,1.36e-05,0.0020364,0.004,5e-05
-1.6183e-10,0.00074704,0,1,1.37e-05,0.0020363,0.004,5e-05
-1.627e-10,0.00075163,0,1,1.38e-05,0.0020362,0.004,5e-05
-1.6352e-10,0.00075612,0,1,1.39e-05,0.0020361,0.004,5e-05
-1.6434e-10,0.00076063,0,1,1.4e-05,0.002036,0.004,5e-05
-1.6516e-10,0.00076513,0,1,1.41e-05,0.0020359,0.004,5e-05
-1.6598e-10,0.00076964,0,1,1.42e-05,0.0020358,0.004,5e-05
-1.668e-10,0.00077413,0,1,1.43e-05,0.0020357,0.004,5e-05
-1.6762e-10,0.00077864,0,1,1.44e-05,0.0020356,0.004,5e-05
-1.6844e-10,0.00078314,0,1,1.45e-05,0.0020355,0.004,5e-05
-1.6926e-10,0.00078764,0,1,1.46e-05,0.0020354,0.004,5e-05
-1.7008e-10,0.00079214,0,1,1.47e-05,0.0020353,0.004,5e-05
-1.709e-10,0.00079665,0,1,1.48e-05,0.0020352,0.004,5e-05
-1.7172e-10,0.00080114,0,1,1.49e-05,0.0020351,0.004,5e-05
-1.7254e-10,0.00080565,0,1,1.5e-05,0.002035,0.004,5e-05
-1.7325e-10,0.00080999,0,1,1.51e-05,0.0020349,0.004,5e-05
-1.7397e-10,0.00081434,0,1,1.52e-05,0.0020348,0.004,5e-05
-1.7468e-10,0.00081868,0,1,1.53e-05,0.0020347,0.004,5e-05
-1.7539e-10,0.00082303,0,1,1.54e-05,0.0020346,0.004,5e-05
-1.761e-10,0.00082737,0,1,1.55e-05,0.0020345,0.004,5e-05
-1.7681e-10,0.00083172,0,1,1.56e-05,0.0020344,0.004,5e-05
-1.7753e-10,0.00083606,0,1,1.57e-05,0.0020343,0.004,5e-05
-1.7824e-10,0.00084041,0,1,1.58e-05,0.0020342,0.004,5e-05
-1.7895e-10,0.00084475,0,1,1.59e-05,0.0020341,0.004,5e-05
-1.7966e-10,0.0008491,0,1,1.6e-05,0.002034,0.004,5e-05
-1.8037e-10,0.00085344,0,1,1.61e-05,0.0020339,0.004,5e-05
-1.8109e-10,0.00085778,0,1,1.62e-05,0.0020338,0.004,5e-05
-1.8174e-10,0.00086204,0,1,1.63e-05,0.0020337,0.004,5e-05
-1.8235e-10,0.00086624,0,1,1.64e-05,0.0020336,0.004,5e-05
-1.8295e-10,0.00087042,0,1,1.65e-05,0.0020335,0.004,5e-05
-1.8355e-10,0.00087461,0,1,1.66e-05,0.0020334,0.004,5e-05
-1.8415e-10,0.00087879,0,1,1.67e-05,0.0020333,0.004,5e-05
-1.8476e-10,0.00088297,0,1,1.68e-05,0.0020332,0.004,5e-05
-1.8536e-10,0.00088716,0,1,1.69e-05,0.0020331,0.004,5e-05
-1.8596e-10,0.00089134,0,1,1.7e-05,0.002033,0.004,5e-05
-1.8656e-10,0.00089553,0,1,1.71e-05,0.0020329,0.004,5e-05
-1.8717e-10,0.00089971,0,1,1.72e-05,0.0020328,0.004,5e-05
-1.8777e-10,0.0009039,0,1,1.73e-05,0.0020327,0.004,5e-05
-1.8837e-10,0.00090808,0,1,1.74e-05,0.0020326,0.004,5e-05
-1.8897e-10,0.00091227,0,1,1.75e-05,0.0020325,0.004,5e-05
-1.8946e-10,0.0009163,0,1,1.76e-05,0.0020324,0.004,5e-05
-1.8996e-10,0.00092033,0,1,1.77e-05,0.0020323,0.004,5e-05
-1.9045e-10,0.00092435,0,1,1.78e-05,0.0020322,0.004,5e-05
-1.9094e-10,0.00092839,0,1,1.79e-05,0.0020321,0.004,5e-05
-1.9143e-10,0.00093241,0,1,1.8e-05,0.002032,0.004,5e-05
-1.9192e-10,0.00093644,0,1,1.81e-05,0.0020319,0.004,5e-05
-1.9241e-10,0.00094047,0,1,1.82e-05,0.0020318,0.004,5e-05
-1.9291e-10,0.0009445,0,1,1.83e-05,0.0020317,0.004,5e-05
-1.934e-10,0.00094852,0,1,1.84e-05,0.0020316,0.004,5e-05
-1.9389e-10,0.00095255,0,1,1.85e-05,0.0020315,0.004,5e-05
-1.9438e-10,0.00095658,0,1,1.86e-05,0.0020314,0.004,5e-05
-1.9487e-10,0.00096061,0,1,1.87e-05,0.0020313,0.004,5e-05
-1.9531e-10,0.00096455,0,1,1.88e-05,0.0020312,0.004,5e-05
-1.9569e-10,0.00096843,0,1,1.89e-05,0.0020311,0.004,5e-05
-1.9607e-10,0.00097229,0,1,1.9e-05,0.002031,0.004,5e-05
-1.9645e-10,0.00097617,0,1,1.91e-05,0.0020309,0.004,5e-05
-1.9683e-10,0.00098004,0,1,1.92e-05,0.0020308,0.004,5e-05
-1.9721e-10,0.00098391,0,1,1.93e-05,0.0020307,0.004,5e-05
-1.9759e-10,0.00098778,0,1,1.94e-05,0.0020306,0.004,5e-05
-1.9797e-10,0.00099165,0,1,1.95e-05,0.0020305,0.004,5e-05
-1.9835e-10,0.00099552,0,1,1.96e-05,0.0020304,0.004,5e-05
-1.9873e-10,0.00099939,0,1,1.97e-05,0.0020303,0.004,5e-05
-1.9911e-10,0.0010033,0,1,1.98e-05,0.0020302,0.004,5e-05
-1.9949e-10,0.0010071,0,1,1.99e-05,0.0020301,0.004,5e-05
-1.9987e-10,0.001011,0,1,2e-05,0.00203,0.004,5e-05
-2.0014e-10,0.0010147,0,1,2.01e-05,0.0020299,0.004,5e-05
-2.0041e-10,0.0010184,0,1,2.02e-05,0.0020298,0.004,5e-05
-2.0068e-10,0.0010221,0,1,2.03e-05,0.0020297,0.004,5e-05
-2.0095e-10,0.0010258,0,1,2.04e-05,0.0020296,0.004,5e-05
-2.0121e-10,0.0010296,0,1,2.05e-05,0.0020295,0.004,5e-05
-2.0148e-10,0.0010333,0,1,2.06e-05,0.0020294,0.004,5e-05
-2.0175e-10,0.001037,0,1,2.07e-05,0.0020293,0.004,5e-05
-2.0202e-10,0.0010407,0,1,2.08e-05,0.0020292,0.004,5e-05
-2.0229e-10,0.0010444,0,1,2.09e-05,0.0020291,0.004,5e-05
-2.0256e-10,0.0010481,0,1,2.1e-05,0.002029,0.004,5e-05
-2.0283e-10,0.0010518,0,1,2.11e-05,0.0020289,0.004,5e-05
-2.031e-10,0.0010555,0,1,2.12e-05,0.0020288,0.004,5e-05
-2.0331e-10,0.0010592,0,1,2.13e-05,0.0020287,0.004,5e-05
-2.0347e-10,0.0010627,0,1,2.14e-05,0.0020286,0.004,5e-05
-2.0363e-10,0.0010663,0,1,2.15e-05,0.0020285,0.004,5e-05
-2.0379e-10,0.0010698,0,1,2.16e-05,0.0020284,0.004,5e-05
-2.0395e-10,0.0010734,0,1,2.17e-05,0.0020283,0.004,5e-05
-2.0411e-10,0.0010769,0,1,2.18e-05,0.0020282,0.004,5e-05
-2.0426e-10,0.0010805,0,1,2.19e-05,0.0020281,0.004,5e-05
-2.0442e-10,0.0010841,0,1,2.2e-05,0.002028,0.004,5e-05
-2.0458e-10,0.0010876,0,1,2.21e-05,0.0020279,0.004,5e-05
-2.0474e-10,0.0010912,0,1,2.22e-05,0.0020278,0.004,5e-05
-2.049e-10,0.0010947,0,1,2.23e-05,0.0020277,0.004,5e-05
-2.0506e-10,0.0010983,0,1,2.24e-05,0.0020276,0.004,5e-05
-2.0522e-10,0.0011018,0,1,2.25e-05,0.0020275,0.004,5e-05
-2.0527e-10,0.0011052,0,1,2.26e-05,0.0020274,0.004,5e-05
-2.0532e-10,0.0011086,0,1,2.27e-05,0.0020273,0.004,5e-05
-2.0537e-10,0.001112,0,1,2.28e-05,0.0020272,0.004,5e-05
-2.0542e-10,0.0011154,0,1,2.29e-05,0.0020271,0.004,5e-05
-2.0547e-10,0.0011188,0,1,2.3e-05,0.002027,0.004,5e-05
-2.0552e-10,0.0011222,0,1,2.31e-05,0.0020269,0.004,5e-05
-2.0557e-10,0.0011256,0,1,2.32e-05,0.0020268,0.004,5e-05
-2.0562e-10,0.001129,0,1,2.33e-05,0.0020267,0.004,5e-05
-2.0567e-10,0.0011324,0,1,2.34e-05,0.0020266,0.004,5e-05
-2.0572e-10,0.0011358,0,1,2.35e-05,0.0020265,0.004,5e-05
-2.0577e-10,0.0011392,0,1,2.36e-05,0.0020264,0.004,5e-05
-2.0582e-10,0.0011426,0,1,2.37e-05,0.0020263,0.004,5e-05
-2.0581e-10,0.0011459,0,1,2.38e-05,0.0020262,0.004,5e-05
-2.0576e-10,0.0011491,0,1,2.39e-05,0.0020261,0.004,5e-05
-2.057e-10,0.0011524,0,1,2.4e-05,0.002026,0.004,5e-05
-2.0564e-10,0.0011556,0,1,2.41e-05,0.0020259,0.004,5e-05
-2.0559e-10,0.0011588,0,1,2.42e-05,0.0020258,0.004,5e-05
-2.0553e-10,0.0011621,0,1,2.43e-05,0.0020257,0.004,5e-05
-2.0547e-10,0.0011653,0,1,2.44e-05,0.0020256,0.004,5e-05
-2.0541e-10,0.0011686,0,1,2.45e-05,0.0020255,0.004,5e-05
-2.0536e-10,0.0011718,0,1,2.46e-05,0.0020254,0.004,5e-05
-2.053e-10,0.001175,0,1,2.47e-05,0.0020253,0.004,5e-05
-2.0524e-10,0.0011783,0,1,2.48e-05,0.0020252,0.004,5e-05
-2.0519e-10,0.0011815,0,1,2.49e-05,0.0020251,0.004,5e-05
-2.0513e-10,0.0011848,0,1,2.5e-05,0.002025,0.004,5e-05
-2.0497e-10,0.0011878,0,1,2.51e-05,0.0020249,0.004,5e-05
-2.0481e-10,0.0011909,0,1,2.52e-05,0.0020248,0.004,5e-05
-2.0465e-10,0.001194,0,1,2.53e-05,0.0020247,0.004,5e-05
-2.0449e-10,0.0011971,0,1,2.54e-05,0.0020246,0.004,5e-05
-2.0432e-10,0.0012002,0,1,2.55e-05,0.0020245,0.004,5e-05
-2.0416e-10,0.0012032,0,1,2.56e-05,0.0020244,0.004,5e-05
-2.04e-10,0.0012063,0,1,2.57e-05,0.0020243,0.004,5e-05
-2.0384e-10,0.0012094,0,1,2.58e-05,0.0020242,0.004,5e-05
-2.0368e-10,0.0012125,0,1,2.59e-05,0.0020241,0.004,5e-05
-2.0352e-10,0.0012156,0,1,2.6e-05,0.002024,0.004,5e-05
-2.0336e-10,0.0012186,0,1,2.61e-05,0.0020239,0.004,5e-05
-2.032e-10,0.0012217,0,1,2.62e-05,0.0020238,0.004,5e-05
-2.0298e-10,0.0012247,0,1,2.63e-05,0.0020237,0.004,5e-05
-2.0272e-10,0.0012276,0,1,2.64e-05,0.0020236,0.004,5e-05
-2.0246e-10,0.0012306,0,1,2.65e-05,0.0020235,0.004,5e-05
-2.022e-10,0.0012335,0,1,2.66e-05,0.0020234,0.004,5e-05
-2.0193e-10,0.0012364,0,1,2.67e-05,0.0020233,0.004,5e-05
-2.0167e-10,0.0012393,0,1,2.68e-05,0.0020232,0.004,5e-05
-2.0141e-10,0.0012423,0,1,2.69e-05,0.0020231,0.004,5e-05
-2.0115e-10,0.0012452,0,1,2.7e-05,0.002023,0.004,5e-05
-2.0088e-10,0.0012481,0,1,2.71e-05,0.0020229,0.004,5e-05
-2.0062e-10,0.001251,0,1,2.72e-05,0.0020228,0.004,5e-05
-2.0036e-10,0.0012539,0,1,2.73e-05,0.0020227,0.004,5e-05
-2.0009e-10,0.0012569,0,1,2.74e-05,0.0020226,0.004,5e-05
-1.9983e-10,0.0012598,0,1,2.75e-05,0.0020225,0.004,5e-05
-1.9947e-10,0.0012625,0,1,2.76e-05,0.0020224,0.004,5e-05
-1.9911e-10,0.0012653,0,1,2.77e-05,0.0020223,0.004,5e-05
-1.9875e-10,0.0012681,0,1,2.78e-05,0.0020222,0.004,5e-05
-1.9839e-10,0.0012708,0,1,2.79e-05,0.0020221,0.004,5e-05
-1.9803e-10,0.0012736,0,1,2.8e-05,0.002022,0.004,5e-05
-1.9767e-10,0.0012764,0,1,2.81e-05,0.0020219,0.004,5e-05
-1.9731e-10,0.0012791,0,1,2.82e-05,0.0020218,0.004,5e-05
-1.9694e-10,0.0012819,0,1,2.83e-05,0.0020217,0.004,5e-05
-1.9658e-10,0.0012847,0,1,2.84e-05,0.0020216,0.004,5e-05
-1.9622e-10,0.0012874,0,1,2.85e-05,0.0020215,0.004,5e-05
-1.9586e-10,0.0012902,0,1,2.86e-05,0.0020214,0.004,5e-05
-1.955e-10,0.001293,0,1,2.87e-05,0.0020213,0.004,5e-05
-1.9509e-10,0.0012956,0,1,2.88e-05,0.0020212,0.004,5e-05
-1.9464e-10,0.0012983,0,1,2.89e-05,0.0020211,0.004,5e-05
-1.9418e-10,0.0013009,0,1,2.9e-05,0.002021,0.004,5e-05
-1.9373e-10,0.0013035,0,1,2.91e-05,0.0020209,0.004,5e-05
-1.9327e-10,0.0013061,0,1,2.92e-05,0.0020208,0.004,5e-05
-1.9281e-10,0.0013087,0,1,2.93e-05,0.0020207,0.004,5e-05
-1.9236e-10,0.0013113,0,1,2.94e-05,0.0020206,0.004,5e-05
-1.919e-10,0.0013139,0,1,2.95e-05,0.0020205,0.004,5e-05
-1.9145e-10,0.0013165,0,1,2.96e-05,0.0020204,0.004,5e-05
-1.9099e-10,0.0013191,0,1,2.97e-05,0.0020203,0.004,5e-05
-1.9054e-10,0.0013217,0,1,2.98e-05,0.0020202,0.004,5e-05
-1.9008e-10,0.0013243,0,1,2.99e-05,0.0020201,0.004,5e-05
-1.8963e-10,0.0013269,0,1,3e-05,0.00202,0.004,5e-05
-1.8908e-10,0.0013294,0,1,3.01e-05,0.0020199,0.004,5e-05
-1.8853e-10,0.0013318,0,1,3.02e-05,0.0020198,0.004,5e-05
-1.8799e-10,0.0013343,0,1,3.03e-05,0.0020197,0.004,5e-05
-1.8744e-10,0.0013367,0,1,3.04e-05,0.0020196,0.004,5e-05
-1.869e-10,0.0013392,0,1,3.05e-05,0.0020195,0.004,5e-05
-1.8635e-10,0.0013416,0,1,3.06e-05,0.0020194,0.004,5e-05
-1.858e-10,0.0013441,0,1,3.07e-05,0.0020193,0.004,5e-05
-1.8526e-10,0.0013465,0,1,3.08e-05,0.0020192,0.004,5e-05
-1.8471e-10,0.001349,0,1,3.09e-05,0.0020191,0.004,5e-05
-1.8417e-10,0.0013514,0,1,3.1e-05,0.002019,0.004,5e-05
-1.8362e-10,0.0013538,0,1,3.11e-05,0.0020189,0.004,5e-05
-1.8307e-10,0.0013563,0,1,3.12e-05,0.0020188,0.004,5e-05
-1.8248e-10,0.0013587,0,1,3.13e-05,0.0020187,0.004,5e-05
-1.8185e-10,0.001361,0,1,3.14e-05,0.0020186,0.004,5e-05
-1.8122e-10,0.0013632,0,1,3.15e-05,0.0020185,0.004,5e-05
-1.8059e-10,0.0013655,0,1,3.16e-05,0.0020184,0.004,5e-05
-1.7995e-10,0.0013678,0,1,3.17e-05,0.0020183,0.004,5e-05
-1.7932e-10,0.0013701,0,1,3.18e-05,0.0020182,0.004,5e-05
-1.7869e-10,0.0013724,0,1,3.19e-05,0.0020181,0.004,5e-05
-1.7806e-10,0.0013747,0,1,3.2e-05,0.002018,0.004,5e-05
-1.7743e-10,0.001377,0,1,3.21e-05,0.0020179,0.004,5e-05
-1.7679e-10,0.0013793,0,1,3.22e-05,0.0020178,0.004,5e-05
-1.7616e-10,0.0013816,0,1,3.23e-05,0.0020177,0.004,5e-05
-1.7553e-10,0.0013839,0,1,3.24e-05,0.0020176,0.004,5e-05
-1.749e-10,0.0013862,0,1,3.25e-05,0.0020175,0.004,5e-05
-1.7418e-10,0.0013883,0,1,3.26e-05,0.0020174,0.004,5e-05
-1.7347e-10,0.0013904,0,1,3.27e-05,0.0020173,0.004,5e-05
-1.7275e-10,0.0013925,0,1,3.28e-05,0.0020172,0.004,5e-05
-1.7204e-10,0.0013947,0,1,3.29e-05,0.0020171,0.004,5e-05
-1.7133e-10,0.0013968,0,1,3.3e-05,0.002017,0.004,5e-05
-1.7061e-10,0.0013989,0,1,3.31e-05,0.0020169,0.004,5e-05
-1.699e-10,0.0014011,0,1,3.32e-05,0.0020168,0.004,5e-05
-1.6918e-10,0.0014032,0,1,3.33e-05,0.0020167,0.004,5e-05
-1.6847e-10,0.0014053,0,1,3.34e-05,0.0020166,0.004,5e-05
-1.6776e-10,0.0014075,0,1,3.35e-05,0.0020165,0.004,5e-05
-1.6704e-10,0.0014096,0,1,3.36e-05,0.0020164,0.004,5e-05
-1.6633e-10,0.0014117,0,1,3.37e-05,0.0020163,0.004,5e-05
-1.6557e-10,0.0014138,0,1,3.38e-05,0.0020162,0.004,5e-05
-1.6478e-10,0.0014158,0,1,3.39e-05,0.0020161,0.004,5e-05
-1.6399e-10,0.0014177,0,1,3.4e-05,0.002016,0.004,5e-05
-1.632e-10,0.0014197,0,1,3.41e-05,0.0020159,0.004,5e-05
-1.6241e-10,0.0014217,0,1,3.42e-05,0.0020158,0.004,5e-05
-1.6162e-10,0.0014237,0,1,3.43e-05,0.0020157,0.004,5e-05
-1.6083e-10,0.0014256,0,1,3.44e-05,0.0020156,0.004,5e-05
-1.6004e-10,0.0014276,0,1,3.45e-05,0.0020155,0.004,5e-05
-1.5925e-10,0.0014296,0,1,3.46e-05,0.0020154,0.004,5e-05
-1.5846e-10,0.0014316,0,1,3.47e-05,0.0020153,0.004,5e-05
-1.5767e-10,0.0014335,0,1,3.48e-05,0.0020152,0.004,5e-05
-1.5688e-10,0.0014355,0,1,3.49e-05,0.0020151,0.004,5e-05
-1.5609e-10,0.0014375,0,1,3.5e-05,0.002015,0.004,5e-05
-1.5522e-10,0.0014393,0,1,3.51e-05,0.0020149,0.004,5e-05
-1.5436e-10,0.0014411,0,1,3.52e-05,0.0020148,0.004,5e-05
-1.535e-10,0.0014429,0,1,3.53e-05,0.0020147,0.004,5e-05
-1.5264e-10,0.0014448,0,1,3.54e-05,0.0020146,0.004,5e-05
-1.5177e-10,0.0014466,0,1,3.55e-05,0.0020145,0.004,5e-05
-1.5091e-10,0.0014484,0,1,3.56e-05,0.0020144,0.004,5e-05
-1.5005e-10,0.0014502,0,1,3.57e-05,0.0020143,0.004,5e-05
-1.4919e-10,0.001452,0,1,3.58e-05,0.0020142,0.004,5e-05
-1.4832e-10,0.0014538,0,1,3.59e-05,0.0020141,0.004,5e-05
-1.4746e-10,0.0014556,0,1,3.6e-05,0.002014,0.004,5e-05
-1.466e-10,0.0014575,0,1,3.61e-05,0.0020139,0.004,5e-05
-1.4574e-10,0.0014593,0,1,3.62e-05,0.0020138,0.004,5e-05
-1.4484e-10,0.001461,0,1,3.63e-05,0.0020137,0.004,5e-05
-1.4391e-10,0.0014627,0,1,3.64e-05,0.0020136,0.004,5e-05
-1.4298e-10,0.0014643,0,1,3.65e-05,0.0020135,0.004,5e-05
-1.4205e-10,0.001466,0,1,3.66e-05,0.0020134,0.004,5e-05
-1.4112e-10,0.0014677,0,1,3.67e-05,0.0020133,0.004,5e-05
-1.4019e-10,0.0014693,0,1,3.68e-05,0.0020132,0.004,5e-05
-1.3927e-10,0.001471,0,1,3.69e-05,0.0020131,0.004,5e-05
-1.3834e-10,0.0014726,0,1,3.7e-05,0.002013,0.004,5e-05
-1.3741e-10,0.0014743,0,1,3.71e-05,0.0020129,0.004,5e-05
-1.3648e-10,0.0014759,0,1,3.72e-05,0.0020128,0.004,5e-05
-1.3555e-10,0.0014776,0,1,3.73e-05,0.0020127,0.004,5e-05
-1.3462e-10,0.0014793,0,1,3.74e-05,0.0020126,0.004,5e-05
-1.3369e-10,0.0014809,0,1,3.75e-05,0.0020125,0.004,5e-05
-1.327e-10,0.0014824,0,1,3.76e-05,0.0020124,0.004,5e-05
-1.3171e-10,0.0014839,0,1,3.77e-05,0.0020123,0.004,5e-05
-1.3072e-10,0.0014854,0,1,3.78e-05,0.0020122,0.004,5e-05
-1.2973e-10,0.0014869,0,1,3.79e-05,0.0020121,0.004,5e-05
-1.2874e-10,0.0014884,0,1,3.8e-05,0.002012,0.004,5e-05
-1.2776e-10,0.0014899,0,1,3.81e-05,0.0020119,0.004,5e-05
-1.2676e-10,0.0014914,0,1,3.82e-05,0.0020118,0.004,5e-05
-1.2578e-10,0.0014929,0,1,3.83e-05,0.0020117,0.004,5e-05
-1.2479e-10,0.0014944,0,1,3.84e-05,0.0020116,0.004,5e-05
-1.238e-10,0.0014959,0,1,3.85e-05,0.0020115,0.004,5e-05
-1.2281e-10,0.0014974,0,1,3.86e-05,0.0020114,0.004,5e-05
-1.2182e-10,0.0014989,0,1,3.87e-05,0.0020113,0.004,5e-05
-1.208e-10,0.0015003,0,1,3.88e-05,0.0020112,0.004,5e-05
-1.1976e-10,0.0015017,0,1,3.89e-05,0.0020111,0.004,5e-05
-1.1871e-10,0.001503,0,1,3.9e-05,0.002011,0.004,5e-05
-1.1767e-10,0.0015044,0,1,3.91e-05,0.0020109,0.004,5e-05
-1.1662e-10,0.0015057,0,1,3.92e-05,0.0020108,0.004,5e-05
-1.1558e-10,0.0015071,0,1,3.93e-05,0.0020107,0.004,5e-05
-1.1453e-10,0.0015084,0,1,3.94e-05,0.0020106,0.004,5e-05
-1.1349e-10,0.0015097,0,1,3.95e-05,0.0020105,0.004,5e-05
-1.1244e-10,0.0015111,0,1,3.96e-05,0.0020104,0.004,5e-05
-1.114e-10,0.0015124,0,1,3.97e-05,0.0020103,0.004,5e-05
-1.1035e-10,0.0015138,0,1,3.98e-05,0.0020102,0.004,5e-05
-1.0931e-10,0.0015151,0,1,3.99e-05,0.0020101,0.004,5e-05
-1.0827e-10,0.0015165,0,1,4e-05,0.00201,0.004,5e-05
-1.0717e-10,0.0015176,0,1,4.01e-05,0.0020099,0.004,5e-05
-1.0608e-10,0.0015188,0,1,4.02e-05,0.0020098,0.004,5e-05
-1.0499e-10,0.00152,0,1,4.03e-05,0.0020097,0.004,5e-05
-1.0389e-10,0.0015212,0,1,4.04e-05,0.0020096,0.004,5e-05
-1.028e-10,0.0015224,0,1,4.05e-05,0.0020095,0.004,5e-05
-1.017e-10,0.0015236,0,1,4.06e-05,0.0020094,0.004,5e-05
-1.0061e-10,0.0015248,0,1,4.07e-05,0.0020093,0.004,5e-05
-9.9514e-11,0.0015259,0,1,4.08e-05,0.0020092,0.004,5e-05
-9.8422e-11,0.0015271,0,1,4.09e-05,0.0020091,0.004,5e-05
-9.7327e-11,0.0015283,0,1,4.1e-05,0.002009,0.004,5e-05
-9.6234e-11,0.0015295,0,1,4.11e-05,0.0020089,0.004,5e-05
-9.5139e-11,0.0015307,0,1,4.12e-05,0.0020088,0.004,5e-05
-9.4025e-11,0.0015318,0,1,4.13e-05,0.0020087,0.004,5e-05
-9.2887e-11,0.0015328,0,1,4.14e-05,0.0020086,0.004,5e-05
-9.1751e-11,0.0015338,0,1,4.15e-05,0.0020085,0.004,5e-05
-9.0613e-11,0.0015349,0,1,4.16e-05,0.0020084,0.004,5e-05
-8.9478e-11,0.0015359,0,1,4.17e-05,0.0020083,0.004,5e-05
-8.834e-11,0.0015369,0,1,4.18e-05,0.0020082,0.004,5e-05
-8.7204e-11,0.0015379,0,1,4.19e-05,0.0020081,0.004,5e-05
-8.6066e-11,0.001539,0,1,4.2e-05,0.002008,0.004,5e-05
-8.4931e-11,0.00154,0,1,4.21e-05,0.0020079,0.004,5e-05
-8.3793e-11,0.001541,0,1,4.22e-05,0.0020078,0.004,5e-05
-8.2657e-11,0.001542,0,1,4.23e-05,0.0020077,0.004,5e-05
-8.1519e-11,0.0015431,0,1,4.24e-05,0.0020076,0.004,5e-05
-8.0384e-11,0.0015441,0,1,4.25e-05,0.0020075,0.004,5e-05
-7.9209e-11,0.001545,0,1,4.26e-05,0.0020074,0.004,5e-05
-7.8037e-11,0.0015458,0,1,4.27e-05,0.0020073,0.004,5e-05
-7.6862e-11,0.0015467,0,1,4.28e-05,0.0020072,0.004,5e-05
-7.5689e-11,0.0015476,0,1,4.29e-05,0.0020071,0.004,5e-05
-7.4514e-11,0.0015484,0,1,4.3e-05,0.002007,0.004,5e-05
-7.3342e-11,0.0015493,0,1,4.31e-05,0.0020069,0.004,5e-05
-7.2167e-11,0.0015502,0,1,4.32e-05,0.0020068,0.004,5e-05
-7.0995e-11,0.001551,0,1,4.33e-05,0.0020067,0.004,5e-05
-6.982e-11,0.0015519,0,1,4.34e-05,0.0020066,0.004,5e-05
-6.8648e-11,0.0015528,0,1,4.35e-05,0.0020065,0.004,5e-05
-6.7473e-11,0.0015537,0,1,4.36e-05,0.0020064,0.004,5e-05
-6.63e-11,0.0015545,0,1,4.37e-05,0.0020063,0.004,5e-05
-6.511e-11,0.0015553,0,1,4.38e-05,0.0020062,0.004,5e-05
-6.3907e-11,0.001556,0,1,4.39e-05,0.0020061,0.004,5e-05
-6.2702e-11,0.0015567,0,1,4.4e-05,0.002006,0.004,5e-05
-6.1499e-11,0.0015574,0,1,4.41e-05,0.0020059,0.004,5e-05
-6.0293e-11,0.0015582,0,1,4.42e-05,0.0020058,0.004,5e-05
-5.9091e-11,0.0015589,0,1,4.43e-05,0.0020057,0.004,5e-05
-5.7885e-11,0.0015596,0,1,4.44e-05,0.0020056,0.004,5e-05
-5.6682e-11,0.0015603,0,1,4.45e-05,0.0020055,0.004,5e-05
-5.5477e-11,0.001561,0,1,4.46e-05,0.0020054,0.004,5e-05
-5.4274e-11,0.0015617,0,1,4.47e-05,0.0020053,0.004,5e-05
-5.3068e-11,0.0015624,0,1,4.48e-05,0.0020052,0.004,5e-05
-5.1865e-11,0.0015631,0,1,4.49e-05,0.0020051,0.004,5e-05
-5.066e-11,0.0015638,0,1,4.5e-05,0.002005,0.004,5e-05
-4.9433e-11,0.0015644,0,1,4.51e-05,0.0020049,0.004,5e-05
-4.8203e-11,0.001565,0,1,4.52e-05,0.0020048,0.004,5e-05
-4.6976e-11,0.0015655,0,1,4.53e-05,0.0020047,0.004,5e-05
-4.5745e-11,0.0015661,0,1,4.54e-05,0.0020046,0.004,5e-05
-4.4518e-11,0.0015666,0,1,4.55e-05,0.0020045,0.004,5e-05
-4.3288e-11,0.0015672,0,1,4.56e-05,0.0020044,0.004,5e-05
-4.2061e-11,0.0015677,0,1,4.57e-05,0.0020043,0.004,5e-05
-4.0831e-11,0.0015683,0,1,4.58e-05,0.0020042,0.004,5e-05
-3.9604e-11,0.0015688,0,1,4.59e-05,0.0020041,0.004,5e-05
-3.8374e-11,0.0015694,0,1,4.6e-05,0.002004,0.004,5e-05
-3.7147e-11,0.0015699,0,1,4.61e-05,0.0020039,0.004,5e-05
-3.5917e-11,0.0015705,0,1,4.62e-05,0.0020038,0.004,5e-05
-3.4681e-11,0.001571,0,1,4.63e-05,0.0020037,0.004,5e-05
-3.3433e-11,0.0015713,0,1,4.64e-05,0.0020036,0.004,5e-05
-3.2188e-11,0.0015717,0,1,4.65e-05,0.0020035,0.004,5e-05
-3.0941e-11,0.0015721,0,1,4.66e-05,0.0020034,0.004,5e-05
-2.9696e-11,0.0015725,0,1,4.67e-05,0.0020033,0.004,5e-05
-2.8449e-11,0.0015729,0,1,4.68e-05,0.0020032,0.004,5e-05
-2.7204e-11,0.0015733,0,1,4.69e-05,0.0020031,0.004,5e-05
-2.5956e-11,0.0015737,0,1,4.7e-05,0.002003,0.004,5e-05
-2.4712e-11,0.0015741,0,1,4.71e-05,0.0020029,0.004,5e-05
-2.3467e-11,0.0015745,0,1,4.72e-05,0.0020028,0.004,5e-05
-2.2219e-11,0.0015749,0,1,4.73e-05,0.0020027,0.004,5e-05
-2.0975e-11,0.0015753,0,1,4.74e-05,0.0020026,0.004,5e-05
-1.9727e-11,0.0015757,0,1,4.75e-05,0.0020025,0.004,5e-05
-1.8471e-11,0.0015759,0,1,4.76e-05,0.0020024,0.004,5e-05
-1.7212e-11,0.0015762,0,1,4.77e-05,0.0020023,0.004,5e-05
-1.5957e-11,0.0015764,0,1,4.78e-05,0.0020022,0.004,5e-05
-1.4698e-11,0.0015766,0,1,4.79e-05,0.0020021,0.004,5e-05
-1.3442e-11,0.0015769,0,1,4.8e-05,0.002002,0.004,5e-05
-1.2183e-11,0.0015771,0,1,4.81e-05,0.0020019,0.004,5e-05
-1.0927e-11,0.0015774,0,1,4.82e-05,0.0020018,0.004,5e-05
-9.6683e-12,0.0015776,0,1,4.83e-05,0.0020017,0.004,5e-05
-8.4124e-12,0.0015778,0,1,4.84e-05,0.0020016,0.004,5e-05
-7.1536e-12,0.0015781,0,1,4.85e-05,0.0020015,0.004,5e-05
-5.8977e-12,0.0015783,0,1,4.86e-05,0.0020014,0.004,5e-05
-4.6389e-12,0.0015785,0,1,4.87e-05,0.0020013,0.004,5e-05
-3.3805e-12,0.0015787,0,1,4.88e-05,0.0020012,0.004,5e-05
-2.1168e-12,0.0015788,0,1,4.89e-05,0.0020011,0.004,5e-05
-8.5593e-13,0.0015789,0,1,4.9e-05,0.002001,0.004,5e-05
4.0783e-13,0.0015789,0,1,4.91e-05,0.0020009,0.004,5e-05
1.6687e-12,0.001579,0,1,4.92e-05,0.0020008,0.004,5e-05
2.9324e-12,0.0015791,0,1,4.93e-05,0.0020007,0.004,5e-05
4.1933e-12,0.0015792,0,1,4.94e-05,0.0020006,0.004,5e-05
5.457e-12,0.0015792,0,1,4.95e-05,0.0020005,0.004,5e-05
6.7178e-12,0.0015793,0,1,4.96e-05,0.0020004,0.004,5e-05
7.9816e-12,0.0015794,0,1,4.97e-05,0.0020003,0.004,5e-05
9.2424e-12,0.0015795,0,1,4.98e-05,0.0020002,0.004,5e-05
1.0506e-11,0.0015796,0,1,4.99e-05,0.0020001,0.004,5e-05
1.1767e-11,0.0015796,0,1,5e-05,0.002,0.004,5e-05
1.3029e-11,0.0015796,0,1,5.01e-05,0.0019999,0.004,5e-05
1.4287e-11,0.0015795,0,1,5.02e-05,0.0019998,0.004,5e-05
1.5549e-11,0.0015794,0,1,5.03e-05,0.0019997,0.004,5e-05
1.6808e-11,0.0015793,0,1,5.04e-05,0.0019996,0.004,5e-05
1.807e-11,0.0015792,0,1,5.05e-05,0.0019995,0.004,5e-05
1.9328e-11,0.0015792,0,1,5.06e-05,0.0019994,0.004,5e-05
2.059e-11,0.0015791,0,1,5.07e-05,0.0019993,0.004,5e-05
2.1849e-11,0.001579,0,1,5.08e-05,0.0019992,0.004,5e-05
2.311e-11,0.0015789,0,1,5.09e-05,0.0019991,0.004,5e-05
2.4369e-11,0.0015789,0,1,5.1e-05,0.001999,0.004,5e-05
2.5631e-11,0.0015788,0,1,5.11e-05,0.0019989,0.004,5e-05
2.689e-11,0.0015787,0,1,5.12e-05,0.0019988,0.004,5e-05
2.8147e-11,0.0015785,0,1,5.13e-05,0.0019987,0.004,5e-05
2.9397e-11,0.0015783,0,1,5.14e-05,0.0019986,0.004,5e-05
3.0651e-11,0.0015781,0,1,5.15e-05,0.0019985,0.004,5e-05
3.1901e-11,0.0015778,0,1,5.16e-05,0.0019984,0.004,5e-05
3.3154e-11,0.0015776,0,1,5.17e-05,0.0019983,0.004,5e-05
3.4405e-11,0.0015774,0,1,5.18e-05,0.0019982,0.004,5e-05
3.5658e-11,0.0015771,0,1,5.19e-05,0.0019981,0.004,5e-05
3.6908e-11,0.0015769,0,1,5.2e-05,0.001998,0.004,5e-05
3.8161e-11,0.0015766,0,1,5.21e-05,0.0019979,0.004,5e-05
3.9412e-11,0.0015764,0,1,5.22e-05,0.0019978,0.004,5e-05
4.0665e-11,0.0015762,0,1,5.23e-05,0.0019977,0.004,5e-05
4.1915e-11,0.0015759,0,1,5.24e-05,0.0019976,0.004,5e-05
4.3169e-11,0.0015757,0,1,5.25e-05,0.0019975,0.004,5e-05
4.4404e-11,0.0015753,0,1,5.26e-05,0.0019974,0.004,5e-05
4.5642e-11,0.0015749,0,1,5.27e-05,0.0019973,0.004,5e-05
4.6878e-11,0.0015745,0,1,5.28e-05,0.0019972,0.004,5e-05
4.8116e-11,0.0015741,0,1,5.29e-05,0.0019971,0.004,5e-05
4.9352e-11,0.0015737,0,1,5.3e-05,0.001997,0.004,5e-05
5.059e-11,0.0015733,0,1,5.31e-05,0.0019969,0.004,5e-05
5.1825e-11,0.0015729,0,1,5.32e-05,0.0019968,0.004,5e-05
5.3064e-11,0.0015725,0,1,5.33e-05,0.0019967,0.004,5e-05
5.4299e-11,0.0015721,0,1,5.34e-05,0.0019966,0.004,5e-05
5.5538e-11,0.0015717,0,1,5.35e-05,0.0019965,0.004,5e-05
5.6773e-11,0.0015713,0,1,5.36e-05,0.0019964,0.004,5e-05
5.8011e-11,0.001571,0,1,5.37e-05,0.0019963,0.004,5e-05
5.9236e-11,0.0015705,0,1,5.38e-05,0.0019962,0.004,5e-05
6.0453e-11,0.0015699,0,1,5.39e-05,0.0019961,0.004,5e-05
6.1668e-11,0.0015694,0,1,5.4e-05,0.001996,0.004,5e-05
6.2885e-11,0.0015688,0,1,5.41e-05,0.0019959,0.004,5e-05
6.4099e-11,0.0015683,0,1,5.42e-05,0.0019958,0.004,5e-05
6.5316e-11,0.0015677,0,1,5.43e-05,0.0019957,0.004,5e-05
6.6531e-11,0.0015672,0,1,5.44e-05,0.0019956,0.004,5e-05
6.7748e-11,0.0015666,0,1,5.45e-05,0.0019955,0.004,5e-05
6.8962e-11,0.0015661,0,1,5.46e-05,0.0019954,0.004,5e-05
7.0179e-11,0.0015655,0,1,5.47e-05,0.0019953,0.004,5e-05
7.1393e-11,0.001565,0,1,5.48e-05,0.0019952,0.004,5e-05
7.2611e-11,0.0015644,0,1,5.49e-05,0.0019951,0.004,5e-05
7.3825e-11,0.0015638,0,1,5.5e-05,0.001995,0.004,5e-05
7.5014e-11,0.0015631,0,1,5.51e-05,0.0019949,0.004,5e-05
7.62e-11,0.0015624,0,1,5.52e-05,0.0019948,0.004,5e-05
7.7389e-11,0.0015617,0,1,5.53e-05,0.0019947,0.004,5e-05
7.8576e-11,0.001561,0,1,5.54e-05,0.0019946,0.004,5e-05
7.9765e-11,0.0015603,0,1,5.55e-05,0.0019945,0.004,5e-05
8.0951e-11,0.0015596,0,1,5.56e-05,0.0019944,0.004,5e-05
8.214e-11,0.0015589,0,1,5.57e-05,0.0019943,0.004,5e-05
8.3326e-11,0.0015582,0,1,5.58e-05,0.0019942,0.004,5e-05
8.4515e-11,0.0015574,0,1,5.59e-05,0.0019941,0.004,5e-05
8.5702e-11,0.0015567,0,1,5.6e-05,0.001994,0.004,5e-05
8.6891e-11,0.001556,0,1,5.61e-05,0.0019939,0.004,5e-05
8.8077e-11,0.0015553,0,1,5.62e-05,0.0019938,0.004,5e-05
8.9249e-11,0.0015545,0,1,5.63e-05,0.0019937,0.004,5e-05
9.0401e-11,0.0015537,0,1,5.64e-05,0.0019936,0.004,5e-05
9.1556e-11,0.0015528,0,1,5.65e-05,0.0019935,0.004,5e-05
9.2708e-11,0.0015519,0,1,5.66e-05,0.0019934,0.004,5e-05
9.3863e-11,0.001551,0,1,5.67e-05,0.0019933,0.004,5e-05
9.5015e-11,0.0015502,0,1,5.68e-05,0.0019932,0.004,5e-05
9.617e-11,0.0015493,0,1,5.69e-05,0.0019931,0.004,5e-05
9.7322e-11,0.0015484,0,1,5.7e-05,0.001993,0.004,5e-05
9.8477e-11,0.0015476,0,1,5.71e-05,0.0019929,0.004,5e-05
9.9629e-11,0.0015467,0,1,5.72e-05,0.0019928,0.004,5e-05
1.0078e-10,0.0015458,0,1,5.73e-05,0.0019927,0.004,5e-05
1.0194e-10,0.001545,0,1,5.74e-05,0.0019926,0.004,5e-05
1.0309e-10,0.0015441,0,1,5.75e-05,0.0019925,0.004,5e-05
1.042e-10,0.0015431,0,1,5.76e-05,0.0019924,0.004,5e-05
1.0532e-10,0.001542,0,1,5.77e-05,0.0019923,0.004,5e-05
1.0643e-10,0.001541,0,1,5.78e-05,0.0019922,0.004,5e-05
1.0754e-10,0.00154,0,1,5.79e-05,0.0019921,0.004,5e-05
1.0866e-10,0.001539,0,1,5.8e-05,0.001992,0.004,5e-05
1.0977e-10,0.0015379,0,1,5.81e-05,0.0019919,0.004,5e-05
1.1088e-10,0.0015369,0,1,5.82e-05,0.0019918,0.004,5e-05
1.12e-10,0.0015359,0,1,5.83e-05,0.0019917,0.004,5e-05
1.1311e-10,0.0015349,0,1,5.84e-05,0.0019916,0.004,5e-05
1.1422e-10,0.0015338,0,1,5.85e-05,0.0019915,0.004,5e-05
1.1534e-10,0.0015328,0,1,5.86e-05,0.0019914,0.004,5e-05
1.1645e-10,0.0015318,0,1,5.87e-05,0.0019913,0.004,5e-05
1.1754e-10,0.0015307,0,1,5.88e-05,0.0019912,0.004,5e-05
1.1861e-10,0.0015295,0,1,5.89e-05,0.0019911,0.004,5e-05
1.1967e-10,0.0015283,0,1,5.9e-05,0.001991,0.004,5e-05
1.2074e-10,0.0015271,0,1,5.91e-05,0.0019909,0.004,5e-05
1.2181e-10,0.0015259,0,1,5.92e-05,0.0019908,0.004,5e-05
1.2287e-10,0.0015248,0,1,5.93e-05,0.0019907,0.004,5e-05
1.2394e-10,0.0015236,0,1,5.94e-05,0.0019906,0.004,5e-05
1.2501e-10,0.0015224,0,1,5.95e-05,0.0019905,0.004,5e-05
1.2607e-10,0.0015212,0,1,5.96e-05,0.0019904,0.004,5e-05
1.2714e-10,0.00152,0,1,5.97e-05,0.0019903,0.004,5e-05
1.2821e-10,0.0015188,0,1,5.98e-05,0.0019902,0.004,5e-05
1.2927e-10,0.0015176,0,1,5.99e-05,0.0019901,0.004,5e-05
1.3034e-10,0.0015165,0,1,6e-05,0.00199,0.004,5e-05
1.3135e-10,0.0015151,0,1,6.01e-05,0.0019899,0.004,5e-05
1.3237e-10,0.0015138,0,1,6.02e-05,0.0019898,0.004,5e-05
1.3338e-10,0.0015124,0,1,6.03e-05,0.0019897,0.004,5e-05
1.3439e-10,0.0015111,0,1,6.04e-05,0.0019896,0.004,5e-05
1.3541e-10,0.0015097,0,1,6.05e-05,0.0019895,0.004,5e-05
1.3642e-10,0.0015084,0,1,6.06e-05,0.0019894,0.004,5e-05
1.3744e-10,0.0015071,0,1,6.07e-05,0.0019893,0.004,5e-05
1.3845e-10,0.0015057,0,1,6.08e-05,0.0019892,0.004,5e-05
1.3947e-10,0.0015044,0,1,6.09e-05,0.0019891,0.004,5e-05
1.4048e-10,0.001503,0,1,6.1e-05,0.001989,0.004,5e-05
1.4149e-10,0.0015017,0,1,6.11e-05,0.0019889,0.004,5e-05
1.4251e-10,0.0015003,0,1,6.12e-05,0.0019888,0.004,5e-05
1.4349e-10,0.0014989,0,1,6.13e-05,0.0019887,0.004,5e-05
1.4445e-10,0.0014974,0,1,6.14e-05,0.0019886,0.004,5e-05
1.4541e-10,0.0014959,0,1,6.15e-05,0.0019885,0.004,5e-05
1.4636e-10,0.0014944,0,1,6.16e-05,0.0019884,0.004,5e-05
1.4732e-10,0.0014929,0,1,6.17e-05,0.0019883,0.004,5e-05
1.4827e-10,0.0014914,0,1,6.18e-05,0.0019882,0.004,5e-05
1.4923e-10,0.0014899,0,1,6.19e-05,0.0019881,0.004,5e-05
1.5018e-10,0.0014884,0,1,6.2e-05,0.001988,0.004,5e-05
1.5114e-10,0.0014869,0,1,6.21e-05,0.0019879,0.004,5e-05
1.521e-10,0.0014854,0,1,6.22e-05,0.0019878,0.004,5e-05
1.5305e-10,0.0014839,0,1,6.23e-05,0.0019877,0.004,5e-05
1.5401e-10,0.0014824,0,1,6.24e-05,0.0019876,0.004,5e-05
1.5496e-10,0.0014809,0,1,6.25e-05,0.0019875,0.004,5e-05
1.5585e-10,0.0014793,0,1,6.26e-05,0.0019874,0.004,5e-05
1.5675e-10,0.0014776,0,1,6.27e-05,0.0019873,0.004,5e-05
1.5764e-10,0.0014759,0,1,6.28e-05,0.0019872,0.004,5e-05
1.5853e-10,0.0014743,0,1,6.29e-05,0.0019871,0.004,5e-05
1.5942e-10,0.0014726,0,1,6.3e-05,0.001987,0.004,5e-05
1.6031e-10,0.001471,0,1,6.31e-05,0.0019869,0.004,5e-05
1.6121e-10,0.0014693,0,1,6.32e-05,0.0019868,0.004,5e-05
1.621e-10,0.0014677,0,1,6.33e-05,0.0019867,0.004,5e-05
1.6299e-10,0.001466,0,1,6.34e-05,0.0019866,0.004,5e-05
1.6388e-10,0.0014643,0,1,6.35e-05,0.0019865,0.004,5e-05
1.6477e-10,0.0014627,0,1,6.36e-05,0.0019864,0.004,5e-05
1.6566e-10,0.001461,0,1,6.37e-05,0.0019863,0.004,5e-05
1.6652e-10,0.0014593,0,1,6.38e-05,0.0019862,0.004,5e-05
1.6734e-10,0.0014575,0,1,6.39e-05,0.0019861,0.004,5e-05
1.6817e-10,0.0014556,0,1,6.4e-05,0.001986,0.004,5e-05
1.6899e-10,0.0014538,0,1,6.41e-05,0.0019859,0.004,5e-05
1.6981e-10,0.001452,0,1,6.42e-05,0.0019858,0.004,5e-05
1.7063e-10,0.0014502,0,1,6.43e-05,0.0019857,0.004,5e-05
1.7146e-10,0.0014484,0,1,6.44e-05,0.0019856,0.004,5e-05
1.7228e-10,0.0014466,0,1,6.45e-05,0.0019855,0.004,5e-05
1.731e-10,0.0014448,0,1,6.46e-05,0.0019854,0.004,5e-05
1.7392e-10,0.0014429,0,1,6.47e-05,0.0019853,0.004,5e-05
1.7474e-10,0.0014411,0,1,6.48e-05,0.0019852,0.004,5e-05
1.7557e-10,0.0014393,0,1,6.49e-05,0.0019851,0.004,5e-05
1.7639e-10,0.0014375,0,1,6.5e-05,0.001985,0.004,5e-05
1.7714e-10,0.0014355,0,1,6.51e-05,0.0019849,0.004,5e-05
1.7788e-10,0.0014335,0,1,6.52e-05,0.0019848,0.004,5e-05
1.7863e-10,0.0014316,0,1,6.53e-05,0.0019847,0.004,5e-05
1.7938e-10,0.0014296,0,1,6.54e-05,0.0019846,0.004,5e-05
1.8013e-10,0.0014276,0,1,6.55e-05,0.0019845,0.004,5e-05
1.8087e-10,0.0014256,0,1,6.56e-05,0.0019844,0.004,5e-05
1.8162e-10,0.0014237,0,1,6.57e-05,0.0019843,0.004,5e-05
1.8237e-10,0.0014217,0,1,6.58e-05,0.0019842,0.004,5e-05
1.8312e-10,0.0014197,0,1,6.59e-05,0.0019841,0.004,5e-05
1.8387e-10,0.0014177,0,1,6.6e-05,0.001984,0.004,5e-05
1.8461e-10,0.0014158,0,1,6.61e-05,0.0019839,0.004,5e-05
1.8536e-10,0.0014138,0,1,6.62e-05,0.0019838,0.004,5e-05
1.8607e-10,0.0014117,0,1,6.63e-05,0.0019837,0.004,5e-05
1.8674e-10,0.0014096,0,1,6.64e-05,0.0019836,0.004,5e-05
1.874e-10,0.0014075,0,1,6.65e-05,0.0019835,0.004,5e-05
1.8807e-10,0.0014053,0,1,6.66e-05,0.0019834,0.004,5e-05
1.8874e-10,0.0014032,0,1,6.67e-05,0.0019833,0.004,5e-05
1.8941e-10,0.0014011,0,1,6.68e-05,0.0019832,0.004,5e-05
1.9008e-10,0.0013989,0,1,6.69e-05,0.0019831,0.004,5e-05
1.9074e-10,0.0013968,0,1,6.7e-05,0.001983,0.004,5e-05
1.9141e-10,0.0013947,0,1,6.71e-05,0.0019829,0.004,5e-05
1.9208e-10,0.0013925,0,1,6.72e-05,0.0019828,0.004,5e-05
1.9275e-10,0.0013904,0,1,6.73e-05,0.0019827,0.004,5e-05
1.9342e-10,0.0013883,0,1,6.74e-05,0.0019826,0.004,5e-05
1.9408e-10,0.0013862,0,1,6.75e-05,0.0019825,0.004,5e-05
1.9467e-10,0.0013839,0,1,6.76e-05,0.0019824,0.004,5e-05
1.9525e-10,0.0013816,0,1,6.77e-05,0.0019823,0.004,5e-05
1.9584e-10,0.0013793,0,1,6.78e-05,0.0019822,0.004,5e-05
1.9642e-10,0.001377,0,1,6.79e-05,0.0019821,0.004,5e-05
1.97e-10,0.0013747,0,1,6.8e-05,0.001982,0.004,5e-05
1.9758e-10,0.0013724,0,1,6.81e-05,0.0019819,0.004,5e-05
1.9817e-10,0.0013701,0,1,6.82e-05,0.0019818,0.004,5e-05
1.9875e-10,0.0013678,0,1,6.83e-05,0.0019817,0.004,5e-05
1.9934e-10,0.0013655,0,1,6.84e-05,0.0019816,0.004,5e-05
1.9992e-10,0.0013632,0,1,6.85e-05,0.0019815,0.004,5e-05
2.005e-10,0.001361,0,1,6.86e-05,0.0019814,0.004,5e-05
2.0109e-10,0.0013587,0,1,6.87e-05,0.0019813,0.004,5e-05
2.0163e-10,0.0013563,0,1,6.88e-05,0.0019812,0.004,5e-05
2.0212e-10,0.0013538,0,1,6.89e-05,0.0019811,0.004,5e-05
2.0261e-10,0.0013514,0,1,6.9e-05,0.001981,0.004,5e-05
2.0311e-10,0.001349,0,1,6.91e-05,0.0019809,0.004,5e-05
2.036e-10,0.0013465,0,1,6.92e-05,0.0019808,0.004,5e-05
2.041e-10,0.0013441,0,1,6.93e-05,0.0019807,0.004,5e-05
2.0459e-10,0.0013416,0,1,6.94e-05,0.0019806,0.004,5e-05
2.0509e-10,0.0013392,0,1,6.95e-05,0.0019805,0.004,5e-05
2.0558e-10,0.0013367,0,1,6.96e-05,0.0019804,0.004,5e-05
2.0608e-10,0.0013343,0,1,6.97e-05,0.0019803,0.004,5e-05
2.0657e-10,0.0013318,0,1,6.98e-05,0.0019802,0.004,5e-05
2.0706e-10,0.0013294,0,1,6.99e-05,0.0019801,0.004,5e-05
2.0756e-10,0.0013269,0,1,7e-05,0.00198,0.004,5e-05
2.0796e-10,0.0013243,0,1,7.01e-05,0.0019799,0.004,5e-05
2.0836e-10,0.0013217,0,1,7.02e-05,0.0019798,0.004,5e-05
2.0876e-10,0.0013191,0,1,7.03e-05,0.0019797,0.004,5e-05
2.0917e-10,0.0013165,0,1,7.04e-05,0.0019796,0.004,5e-05
2.0957e-10,0.0013139,0,1,7.05e-05,0.0019795,0.004,5e-05
2.0997e-10,0.0013113,0,1,7.06e-05,0.0019794,0.004,5e-05
2.1037e-10,0.0013087,0,1,7.07e-05,0.0019793,0.004,5e-05
2.1077e-10,0.0013061,0,1,7.08e-05,0.0019792,0.004,5e-05
2.1117e-10,0.0013035,0,1,7.09e-05,0.0019791,0.004,5e-05
2.1158e-10,0.0013009,0,1,7.1e-05,0.001979,0.004,5e-05
2.1198e-10,0.0012982,0,1,7.11e-05,0.0019789,0.004,5e-05
2.1238e-10,0.0012956,0,1,7.12e-05,0.0019788,0.004,5e-05
2.1273e-10,0.001293,0,1,7.13e-05,0.0019787,0.004,5e-05
2.1304e-10,0.0012902,0,1,7.14e-05,0.0019786,0.004,5e-05
2.1334e-10,0.0012874,0,1,7.15e-05,0.0019785,0.004,5e-05
2.1365e-10,0.0012847,0,1,7.16e-05,0.0019784,0.004,5e-05
2.1395e-10,0.0012819,0,1,7.17e-05,0.0019783,0.004,5e-05
2.1425e-10,0.0012791,0,1,7.18e-05,0.0019782,0.004,5e-05
2.1456e-10,0.0012764,0,1,7.19e-05,0.0019781,0.004,5e-05
2.1486e-10,0.0012736,0,1,7.2e-05,0.001978,0.004,5e-05
2.1517e-10,0.0012708,0,1,7.21e-05,0.0019779,0.004,5e-05
2.1547e-10,0.0012681,0,1,7.22e-05,0.0019778,0.004,5e-05
2.1578e-10,0.0012653,0,1,7.23e-05,0.0019777,0.004,5e-05
2.1608e-10,0.0012625,0,1,7.24e-05,0.0019776,0.004,5e-05
2.1639e-10,0.0012598,0,1,7.25e-05,0.0019775,0.004,5e-05
2.1659e-10,0.0012569,0,1,7.26e-05,0.0019774,0.004,5e-05
2.1679e-10,0.0012539,0,1,7.27e-05,0.0019773,0.004,5e-05
2.17e-10,0.001251,0,1,7.28e-05,0.0019772,0.004,5e-05
2.172e-10,0.0012481,0,1,7.29e-05,0.0019771,0.004,5e-05
2.1741e-10,0.0012452,0,1,7.3e-05,0.001977,0.004,5e-05
2.1761e-10,0.0012423,0,1,7.31e-05,0.0019769,0.004,5e-05
2.1782e-10,0.0012393,0,1,7.32e-05,0.0019768,0.004,5e-05
2.1802e-10,0.0012364,0,1,7.33e-05,0.0019767,0.004,5e-05
2.1822e-10,0.0012335,0,1,7.34e-05,0.0019766,0.004,5e-05
2.1843e-10,0.0012306,0,1,7.35e-05,0.0019765,0.004,5e-05
2.1863e-10,0.0012276,0,1,7.36e-05,0.0019764,0.004,5e-05
2.1884e-10,0.0012247,0,1,7.37e-05,0.0019763,0.004,5e-05
2.1899e-10,0.0012217,0,1,7.38e-05,0.0019762,0.004,5e-05
2.1909e-10,0.0012186,0,1,7.39e-05,0.0019761,0.004,5e-05
2.1919e-10,0.0012156,0,1,7.4e-05,0.001976,0.004,5e-05
2.1929e-10,0.0012125,0,1,7.41e-05,0.0019759,0.004,5e-05
2.1939e-10,0.0012094,0,1,7.42e-05,0.0019758,0.004,5e-05
2.1949e-10,0.0012063,0,1,7.43e-05,0.0019757,0.004,5e-05
2.1959e-10,0.0012032,0,1,7.44e-05,0.0019756,0.004,5e-05
2.1969e-10,0.0012002,0,1,7.45e-05,0.0019755,0.004,5e-05
2.1979e-10,0.0011971,0,1,7.46e-05,0.0019754,0.004,5e-05
2.199e-10,0.001194,0,1,7.47e-05,0.0019753,0.004,5e-05
2.2e-10,0.0011909,0,1,7.48e-05,0.0019752,0.004,5e-05
2.201e-10,0.0011878,0,1,7.49e-05,0.0019751,0.004,5e-05
2.202e-10,0.0011848,0,1,7.5e-05,0.001975,0.004,5e-05
2.2019e-10,0.0011815,0,1,7.51e-05,0.0019749,0.004,5e-05
2.2019e-10,0.0011783,0,1,7.52e-05,0.0019748,0.004,5e-05
2.2018e-10,0.001175,0,1,7.53e-05,0.0019747,0.004,5e-05
2.2018e-10,0.0011718,0,1,7.54e-05,0.0019746,0.004,5e-05
2.2017e-10,0.0011686,0,1,7.55e-05,0.0019745,0.004,5e-05
2.2016e-10,0.0011653,0,1,7.56e-05,0.0019744,0.004,5e-05
2.2016e-10,0.0011621,0,1,7.57e-05,0.0019743,0.004,5e-05
2.2015e-10,0.0011588,0,1,7.58e-05,0.0019742,0.004,5e-05
2.2015e-10,0.0011556,0,1,7.59e-05,0.0019741,0.004,5e-05
2.2014e-10,0.0011524,0,1,7.6e-05,0.001974,0.004,5e-05
2.2014e-10,0.0011491,0,1,7.61e-05,0.0019739,0.004,5e-05
2.2013e-10,0.0011459,0,1,7.62e-05,0.0019738,0.004,5e-05
2.2007e-10,0.0011426,0,1,7.63e-05,0.0019737,0.004,5e-05
2.1996e-10,0.0011392,0,1,7.64e-05,0.0019736,0.004,5e-05
2.1984e-10,0.0011358,0,1,7.65e-05,0.0019735,0.004,5e-05
2.1973e-10,0.0011324,0,1,7.66e-05,0.0019734,0.004,5e-05
2.1962e-10,0.001129,0,1,7.67e-05,0.0019733,0.004,5e-05
2.195e-10,0.0011256,0,1,7.68e-05,0.0019732,0.004,5e-05
2.1939e-10,0.0011222,0,1,7.69e-05,0.0019731,0.004,5e-05
2.1928e-10,0.0011188,0,1,7.7e-05,0.001973,0.004,5e-05
2.1916e-10,0.0011154,0,1,7.71e-05,0.0019729,0.004,5e-05
2.1905e-10,0.001112,0,1,7.72e-05,0.0019728,0.004,5e-05
2.1893e-10,0.0011086,0,1,7.73e-05,0.0019727,0.004,5e-05
2.1882e-10,0.0011052,0,1,7.74e-05,0.0019726,0.004,5e-05
2.1871e-10,0.0011018,0,1,7.75e-05,0.0019725,0.004,5e-05
2.1848e-10,0.0010983,0,1,7.76e-05,0.0019724,0.004,5e-05
2.1826e-10,0.0010947,0,1,7.77e-05,0.0019723,0.004,5e-05
2.1803e-10,0.0010912,0,1,7.78e-05,0.0019722,0.004,5e-05
2.1781e-10,0.0010876,0,1,7.79e-05,0.0019721,0.004,5e-05
2.1759e-10,0.0010841,0,1,7.8e-05,0.001972,0.004,5e-05
2.1736e-10,0.0010805,0,1,7.81e-05,0.0019719,0.004,5e-05
2.1714e-10,0.001077,0,1,7.82e-05,0.0019718,0.004,5e-05
2.1691e-10,0.0010734,0,1,7.83e-05,0.0019717,0.004,5e-05
2.1669e-10,0.0010698,0,1,7.84e-05,0.0019716,0.004,5e-05
2.1646e-10,0.0010663,0,1,7.85e-05,0.0019715,0.004,5e-05
2.1624e-10,0.0010627,0,1,7.86e-05,0.0019714,0.004,5e-05
2.1602e-10,0.0010592,0,1,7.87e-05,0.0019713,0.004,5e-05
2.1574e-10,0.0010556,0,1,7.88e-05,0.0019712,0.004,5e-05
2.154e-10,0.0010518,0,1,7.89e-05,0.0019711,0.004,5e-05
2.1507e-10,0.0010481,0,1,7.9e-05,0.001971,0.004,5e-05
2.1473e-10,0.0010444,0,1,7.91e-05,0.0019709,0.004,5e-05
2.144e-10,0.0010407,0,1,7.92e-05,0.0019708,0.004,5e-05
2.1406e-10,0.001037,0,1,7.93e-05,0.0019707,0.004,5e-05
2.1372e-10,0.0010333,0,1,7.94e-05,0.0019706,0.004,5e-05
2.1339e-10,0.0010296,0,1,7.95e-05,0.0019705,0.004,5e-05
2.1305e-10,0.0010258,0,1,7.96e-05,0.0019704,0.004,5e-05
2.1272e-10,0.0010221,0,1,7.97e-05,0.0019703,0.004,5e-05
2.1238e-10,0.0010184,0,1,7.98e-05,0.0019702,0.004,5e-05
2.1205e-10,0.0010147,0,1,7.99e-05,0.0019701,0.004,5e-05
2.1171e-10,0.001011,0,1,8e-05,0.00197,0.004,5e-05
2.1126e-10,0.0010071,0,1,8.01e-05,0.0019699,0.004,5e-05
2.1082e-10,0.0010033,0,1,8.02e-05,0.0019698,0.004,5e-05
2.1037e-10,0.00099939,0,1,8.03e-05,0.0019697,0.004,5e-05
2.0992e-10,0.00099552,0,1,8.04e-05,0.0019696,0.004,5e-05
2.0947e-10,0.00099165,0,1,8.05e-05,0.0019695,0.004,5e-05
2.0903e-10,0.00098778,0,1,8.06e-05,0.0019694,0.004,5e-05
2.0858e-10,0.00098391,0,1,8.07e-05,0.0019693,0.004,5e-05
2.0813e-10,0.00098004,0,1,8.08e-05,0.0019692,0.004,5e-05
2.0768e-10,0.00097617,0,1,8.09e-05,0.0019691,0.004,5e-05
2.0723e-10,0.0009723,0,1,8.1e-05,0.001969,0.004,5e-05
2.0679e-10,0.00096843,0,1,8.11e-05,0.0019689,0.004,5e-05
2.0634e-10,0.00096456,0,1,8.12e-05,0.0019688,0.004,5e-05
2.0584e-10,0.00096061,0,1,8.13e-05,0.0019687,0.004,5e-05
2.0528e-10,0.00095659,0,1,8.14e-05,0.0019686,0.004,5e-05
2.0472e-10,0.00095255,0,1,8.15e-05,0.0019685,0.004,5e-05
2.0416e-10,0.00094853,0,1,8.16e-05,0.0019684,0.004,5e-05
2.036e-10,0.0009445,0,1,8.17e-05,0.0019683,0.004,5e-05
2.0304e-10,0.00094047,0,1,8.18e-05,0.0019682,0.004,5e-05
2.0248e-10,0.00093644,0,1,8.19e-05,0.0019681,0.004,5e-05
2.0192e-10,0.00093242,0,1,8.2e-05,0.001968,0.004,5e-05
2.0136e-10,0.00092839,0,1,8.21e-05,0.0019679,0.004,5e-05
2.008e-10,0.00092436,0,1,8.22e-05,0.0019678,0.004,5e-05
2.0024e-10,0.00092033,0,1,8.23e-05,0.0019677,0.004,5e-05
1.9968e-10,0.00091631,0,1,8.24e-05,0.0019676,0.004,5e-05
1.9912e-10,0.00091227,0,1,8.25e-05,0.0019675,0.004,5e-05
1.9845e-10,0.00090809,0,1,8.26e-05,0.0019674,0.004,5e-05
1.9778e-10,0.0009039,0,1,8.27e-05,0.0019673,0.004,5e-05
1.9711e-10,0.00089972,0,1,8.28e-05,0.0019672,0.004,5e-05
1.9643e-10,0.00089553,0,1,8.29e-05,0.0019671,0.004,5e-05
1.9576e-10,0.00089135,0,1,8.3e-05,0.001967,0.004,5e-05
1.9509e-10,0.00088716,0,1,8.31e-05,0.0019669,0.004,5e-05
1.9442e-10,0.00088298,0,1,8.32e-05,0.0019668,0.004,5e-05
1.9375e-10,0.00087879,0,1,8.33e-05,0.0019667,0.004,5e-05
1.9308e-10,0.00087461,0,1,8.34e-05,0.0019666,0.004,5e-05
1.9241e-10,0.00087042,0,1,8.35e-05,0.0019665,0.004,5e-05
1.9174e-10,0.00086624,0,1,8.36e-05,0.0019664,0.004,5e-05
1.9107e-10,0.00086204,0,1,8.37e-05,0.0019663,0.004,5e-05
1.9034e-10,0.00085778,0,1,8.38e-05,0.0019662,0.004,5e-05
1.8956e-10,0.00085344,0,1,8.39e-05,0.0019661,0.004,5e-05
1.8878e-10,0.0008491,0,1,8.4e-05,0.001966,0.004,5e-05
1.88e-10,0.00084475,0,1,8.41e-05,0.0019659,0.004,5e-05
1.8722e-10,0.00084041,0,1,8.42e-05,0.0019658,0.004,5e-05
1.8643e-10,0.00083606,0,1,8.43e-05,0.0019657,0.004,5e-05
1.8565e-10,0.00083172,0,1,8.44e-05,0.0019656,0.004,5e-05
1.8487e-10,0.00082737,0,1,8.45e-05,0.0019655,0.004,5e-05
1.8409e-10,0.00082303,0,1,8.46e-05,0.0019654,0.004,5e-05
1.8331e-10,0.00081868,0,1,8.47e-05,0.0019653,0.004,5e-05
1.8253e-10,0.00081434,0,1,8.48e-05,0.0019652,0.004,5e-05
1.8175e-10,0.00080999,0,1,8.49e-05,0.0019651,0.004,5e-05
1.8097e-10,0.00080565,0,1,8.5e-05,0.001965,0.004,5e-05
1.8008e-10,0.00080114,0,1,8.51e-05,0.0019649,0.004,5e-05
1.7919e-10,0.00079665,0,1,8.52e-05,0.0019648,0.004,5e-05
1.783e-10,0.00079214,0,1,8.53e-05,0.0019647,0.004,5e-05
1.7741e-10,0.00078764,0,1,8.54e-05,0.0019646,0.004,5e-05
1.7652e-10,0.00078314,0,1,8.55e-05,0.0019645,0.004,5e-05
1.7563e-10,0.00077864,0,1,8.56e-05,0.0019644,0.004,5e-05
1.7474e-10,0.00077413,0,1,8.57e-05,0.0019643,0.004,5e-05
1.7386e-10,0.00076964,0,1,8.58e-05,0.0019642,0.004,5e-05
1.7297e-10,0.00076513,0,1,8.59e-05,0.0019641,0.004,5e-05
1.7208e-10,0.00076063,0,1,8.6e-05,0.001964,0.004,5e-05
1.7119e-10,0.00075612,0,1,8.61e-05,0.0019639,0.004,5e-05
1.703e-10,0.00075163,0,1,8.62e-05,0.0019638,0.004,5e-05
1.6936e-10,0.00074704,0,1,8.63e-05,0.0019637,0.004,5e-05
1.6837e-10,0.00074239,0,1,8.64e-05,0.0019636,0.004,5e-05
1.6737e-10,0.00073772,0,1,8.65e-05,0.0019635,0.004,5e-05
1.6638e-10,0.00073307,0,1,8.66e-05,0.0019634,0.004,5e-05
1.6539e-10,0.0007284,0,1,8.67e-05,0.0019633,0.004,5e-05
1.644e-10,0.00072375,0,1,8.68e-05,0.0019632,0.004,5e-05
1.634e-10,0.00071908,0,1,8.69e-05,0.0019631,0.004,5e-05
1.6241e-10,0.00071443,0,1,8.7e-05,0.001963,0.004,5e-05
1.6142e-10,0.00070976,0,1,8.71e-05,0.0019629,0.004,5e-05
1.6043e-10,0.00070511,0,1,8.72e-05,0.0019628,0.004,5e-05
1.5943e-10,0.00070044,0,1,8.73e-05,0.0019627,0.004,5e-05
1.5844e-10,0.00069579,0,1,8.74e-05,0.0019626,0.004,5e-05
1.5745e-10,0.00069113,0,1,8.75e-05,0.0019625,0.004,5e-05
1.5636e-10,0.00068631,0,1,8.76e-05,0.0019624,0.004,5e-05
1.5526e-10,0.00068149,0,1,8.77e-05,0.0019623,0.004,5e-05
1.5417e-10,0.00067667,0,1,8.78e-05,0.0019622,0.004,5e-05
1.5308e-10,0.00067185,0,1,8.79e-05,0.0019621,0.004,5e-05
1.5199e-10,0.00066704,0,1,8.8e-05,0.001962,0.004,5e-05
1.5089e-10,0.00066221,0,1,8.81e-05,0.0019619,0.004,5e-05
1.498e-10,0.0006574,0,1,8.82e-05,0.0019618,0.004,5e-05
1.4871e-10,0.00065258,0,1,8.83e-05,0.0019617,0.004,5e-05
1.4762e-10,0.00064776,0,1,8.84e-05,0.0019616,0.004,5e-05
1.4652e-10,0.00064294,0,1,8.85e-05,0.0019615,0.004,5e-05
1.4543e-10,0.00063813,0,1,8.86e-05,0.0019614,0.004,5e-05
1.4434e-10,0.0006333,0,1,8.87e-05,0.0019613,0.004,5e-05
1.432e-10,0.00062841,0,1,8.88e-05,0.0019612,0.004,5e-05
1.4201e-10,0.00062343,0,1,8.89e-05,0.0019611,0.004,5e-05
1.4083e-10,0.00061846,0,1,8.9e-05,0.001961,0.004,5e-05
1.3964e-10,0.00061348,0,1,8.91e-05,0.0019609,0.004,5e-05
1.3846e-10,0.00060851,0,1,8.92e-05,0.0019608,0.004,5e-05
1.3727e-10,0.00060352,0,1,8.93e-05,0.0019607,0.004,5e-05
1.3609e-10,0.00059855,0,1,8.94e-05,0.0019606,0.004,5e-05
1.349e-10,0.00059357,0,1,8.95e-05,0.0019605,0.004,5e-05
1.3372e-10,0.0005886,0,1,8.96e-05,0.0019604,0.004,5e-05
1.3253e-10,0.00058362,0,1,8.97e-05,0.0019603,0.004,5e-05
1.3135e-10,0.00057865,0,1,8.98e-05,0.0019602,0.004,5e-05
1.3016e-10,0.00057367,0,1,8.99e-05,0.0019601,0.004,5e-05
1.2898e-10,0.0005687,0,1,9e-05,0.00196,0.004,5e-05
1.2771e-10,0.00056356,0,1,9.01e-05,0.0019599,0.004,5e-05
1.2644e-10,0.00055843,0,1,9.02e-05,0.0019598,0.004,5e-05
1.2517e-10,0.00055329,0,1,9.03e-05,0.0019597,0.004,5e-05
1.239e-10,0.00054817,0,1,9.04e-05,0.0019596,0.004,5e-05
1.2263e-10,0.00054303,0,1,9.05e-05,0.0019595,0.004,5e-05
1.2136e-10,0.0005379,0,1,9.06e-05,0.0019594,0.004,5e-05
1.2009e-10,0.00053276,0,1,9.07e-05,0.0019593,0.004,5e-05
1.1882e-10,0.00052763,0,1,9.08e-05,0.0019592,0.004,5e-05
1.1755e-10,0.00052249,0,1,9.09e-05,0.0019591,0.004,5e-05
1.1628e-10,0.00051736,0,1,9.1e-05,0.001959,0.004,5e-05
1.1501e-10,0.00051222,0,1,9.11e-05,0.0019589,0.004,5e-05
1.1374e-10,0.0005071,0,1,9.12e-05,0.0019588,0.004,5e-05
1.1243e-10,0.00050188,0,1,9.13e-05,0.0019587,0.004,5e-05
1.1109e-10,0.00049659,0,1,9.14e-05,0.0019586,0.004,5e-05
1.0974e-10,0.00049129,0,1,9.15e-05,0.0019585,0.004,5e-05
1.084e-10,0.00048601,0,1,9.16e-05,0.0019584,0.004,5e-05
1.0705e-10,0.00048071,0,1,9.17e-05,0.0019583,0.004,5e-05
1.0571e-10,0.00047542,0,1,9.18e-05,0.0019582,0.004,5e-05
1.0437e-10,0.00047013,0,1,9.19e-05,0.0019581,0.004,5e-05
1.0303e-10,0.00046484,0,1,9.2e-05,0.001958,0.004,5e-05
1.0168e-10,0.00045954,0,1,9.21e-05,0.0019579,0.004,5e-05
1.0034e-10,0.00045426,0,1,9.22e-05,0.0019578,0.004,5e-05
9.8994e-11,0.00044896,0,1,9.23e-05,0.0019577,0.004,5e-05
9.7652e-11,0.00044367,0,1,9.24e-05,0.0019576,0.004,5e-05
9.6307e-11,0.00043838,0,1,9.25e-05,0.0019575,0.004,5e-05
9.4906e-11,0.00043293,0,1,9.26e-05,0.0019574,0.004,5e-05
9.3503e-11,0.00042747,0,1,9.27e-05,0.0019573,0.004,5e-05
9.2102e-11,0.00042203,0,1,9.28e-05,0.0019572,0.004,5e-05
9.0699e-11,0.00041657,0,1,9.29e-05,0.0019571,0.004,5e-05
8.9298e-11,0.00041113,0,1,9.3e-05,0.001957,0.004,5e-05
8.7898e-11,0.00040568,0,1,9.31e-05,0.0019569,0.004,5e-05
8.6494e-11,0.00040023,0,1,9.32e-05,0.0019568,0.004,5e-05
8.5094e-11,0.00039478,0,1,9.33e-05,0.0019567,0.004,5e-05
8.369e-11,0.00038933,0,1,9.34e-05,0.0019566,0.004,5e-05
8.229e-11,0.00038388,0,1,9.35e-05,0.0019565,0.004,5e-05
8.0886e-11,0.00037842,0,1,9.36e-05,0.0019564,0.004,5e-05
7.9486e-11,0.00037298,0,1,9.37e-05,0.0019563,0.004,5e-05
7.8064e-11,0.00036744,0,1,9.38e-05,0.0019562,0.004,5e-05
7.6626e-11,0.00036184,0,1,9.39e-05,0.0019561,0.004,5e-05
7.5185e-11,0.00035623,0,1,9.4e-05,0.001956,0.004,5e-05
7.3747e-11,0.00035063,0,1,9.41e-05,0.0019559,0.004,5e-05
7.2306e-11,0.00034501,0,1,9.42e-05,0.0019558,0.004,5e-05
7.0868e-11,0.00033941,0,1,9.43e-05,0.0019557,0.004,5e-05
6.9426e-11,0.0003338,0,1,9.44e-05,0.0019556,0.004,5e-05
6.7989e-11,0.0003282,0,1,9.45e-05,0.0019555,0.004,5e-05
6.6547e-11,0.00032258,0,1,9.46e-05,0.0019554,0.004,5e-05
6.511e-11,0.00031698,0,1,9.47e-05,0.0019553,0.004,5e-05
6.3668e-11,0.00031137,0,1,9.48e-05,0.0019552,0.004,5e-05
6.223e-11,0.00030577,0,1,9.49e-05,0.0019551,0.004,5e-05
6.0789e-11,0.00030015,0,1,9.5e-05,0.001955,0.004,5e-05
5.9347e-11,0.00029439,0,1,9.51e-05,0.0019549,0.004,5e-05
5.7901e-11,0.00028862,0,1,9.52e-05,0.0019548,0.004,5e-05
5.6458e-11,0.00028286,0,1,9.53e-05,0.0019547,0.004,5e-05
5.5012e-11,0.00027709,0,1,9.54e-05,0.0019546,0.004,5e-05
5.3569e-11,0.00027133,0,1,9.55e-05,0.0019545,0.004,5e-05
5.2123e-11,0.00026556,0,1,9.56e-05,0.0019544,0.004,5e-05
5.0681e-11,0.0002598,0,1,9.57e-05,0.0019543,0.004,5e-05
4.9234e-11,0.00025403,0,1,9.58e-05,0.0019542,0.004,5e-05
4.7792e-11,0.00024827,0,1,9.59e-05,0.0019541,0.004,5e-05
4.6346e-11,0.00024249,0,1,9.6e-05,0.001954,0.004,5e-05
4.4903e-11,0.00023674,0,1,9.61e-05,0.0019539,0.004,5e-05
4.3457e-11,0.00023096,0,1,9.62e-05,0.0019538,0.004,5e-05
4.2046e-11,0.00022512,0,1,9.63e-05,0.0019537,0.004,5e-05
4.0665e-11,0.00021919,0,1,9.64e-05,0.0019536,0.004,5e-05
3.9287e-11,0.00021328,0,1,9.65e-05,0.0019535,0.004,5e-05
3.7905e-11,0.00020734,0,1,9.66e-05,0.0019534,0.004,5e-05
3.6527e-11,0.00020143,0,1,9.67e-05,0.0019533,0.004,5e-05
3.5145e-11,0.0001955,0,1,9.68e-05,0.0019532,0.004,5e-05
3.3765e-11,0.00018957,0,1,9.69e-05,0.0019531,0.004,5e-05
3.2385e-11,0.00018365,0,1,9.7e-05,0.001953,0.004,5e-05
3.1005e-11,0.00017772,0,1,9.71e-05,0.0019529,0.004,5e-05
2.9625e-11,0.0001718,0,1,9.72e-05,0.0019528,0.004,5e-05
2.8245e-11,0.00016587,0,1,9.73e-05,0.0019527,0.004,5e-05
2.6865e-11,0.00015995,0,1,9.74e-05,0.0019526,0.004,5e-05
2.5486e-11,0.00015403,0,1,9.75e-05,0.0019525,0.004,5e-05
2.4286e-11,0.00014794,0,1,9.76e-05,0.0019524,0.004,5e-05
2.3086e-11,0.00014186,0,1,9.77e-05,0.0019523,0.004,5e-05
2.1886e-11,0.00013578,0,1,9.78e-05,0.0019522,0.004,5e-05
2.0686e-11,0.0001297,0,1,9.79e-05,0.0019521,0.004,5e-05
1.9486e-11,0.00012361,0,1,9.8e-05,0.001952,0.004,5e-05
1.8287e-11,0.00011753,0,1,9.81e-05,0.0019519,0.004,5e-05
1.7087e-11,0.00011145,0,1,9.82e-05,0.0019518,0.004,5e-05
1.5887e-11,0.00010537,0,1,9.83e-05,0.0019517,0.004,5e-05
1.4687e-11,9.9285e-05,0,1,9.84e-05,0.0019516,0.004,5e-05
1.3487e-11,9.3203e-05,0,1,9.85e-05,0.0019515,0.004,5e-05
1.2288e-11,8.712e-05,0,1,9.86e-05,0.0019514,0.004,5e-05
1.1088e-11,8.1038e-05,0,1,9.87e-05,0.0019513,0.004,5e-05
1.0144e-11,7.5668e-05,0,1,9.88e-05,0.0019512,0.004,5e-05
9.4553e-12,7.1008e-05,0,1,9.89e-05,0.0019511,0.004,5e-05
8.7668e-12,6.6348e-05,0,1,9.9e-05,0.001951,0.004,5e-05
8.0783e-12,6.1688e-05,0,1,9.91e-05,0.0019509,0.004,5e-05
7.3898e-12,5.7028e-05,0,1,9.92e-05,0.0019508,0.004,5e-05
6.7013e-12,5.2367e-05,0,1,9.93e-05,0.0019507,0.004,5e-05
6.0127e-12,4.7707e-05,0,1,9.94e-05,0.0019506,0.004,5e-05
5.3242e-12,4.3047e-05,0,1,9.95e-05,0.0019505,0.004,5e-05
4.6357e-12,3.8387e-05,0,1,9.96e-05,0.0019504,0.004,5e-05
3.9472e-12,3.3727e-05,0,1,9.97e-05,0.0019503,0.004,5e-05
3.2587e-12,2.9067e-05,0,1,9.98e-05,0.0019502,0.004,5e-05
2.5701e-12,2.4407e-05,0,1,9.99e-05,0.0019501,0.004,5e-05
1.8816e-12,1.9747e-05,0,1,0.0001,0.00195,0.004,5e-05
